{"子宫疾病": "DISEASE_GROUP", "心脏病": "DISEASE_GROUP", "肝病": "DISEASE_GROUP", "肾病": "DISEASE_GROUP", "慢性病": "DISEASE_GROUP", "艾滋病毒感染": "DISEASE_GROUP", "神经疾病": "DISEASE_GROUP", "艾滋病患者": "DISEASE_GROUP", "脚气": "DISEASE_GROUP", "癌症": "DISEASE_GROUP", "男性乳腺发育症": "DISEASE_GROUP", "血液疾病": "DISEASE_GROUP", "呼吸道疾病": "DISEASE_GROUP", "口腔炎症": "DISEASE_GROUP", "带下病": "DISEASE_GROUP", "原发性疾病": "DISEASE_GROUP", "乳腺单纯性囊肿": "DISEASE_GROUP", "乳腺癌": "DISEASE_GROUP", "高泌乳血症": "DISEASE_GROUP", "淋症": "DISEASE_GROUP", "慢性妇科炎症": "DISEASE_GROUP", "淋病": "DISEASE_GROUP", "性病后遗症": "DISEASE_GROUP", "膀胱炎": "DISEASE_GROUP", "列腺增生": "DISEASE_GROUP", "耳廓炎": "DISEASE_GROUP", "结核病": "DISEASE_GROUP", "胆病": "DISEASE_GROUP", "慢性炎症": "DISEASE_GROUP", "前列腺增": "DISEASE_GROUP", "肾功能": "DISEASE_GROUP", "阴道感染": "DISEASE_GROUP", "妇科炎症": "DISEASE_GROUP", "妇科慢性炎症": "DISEASE_GROUP", "冠心病": "DISEASE_GROUP", "跌打损伤": "DISEASE_GROUP", "急性及慢性前列腺炎": "DISEASE_GROUP", "妇科疾病": "DISEASE_GROUP", "女子不孕症": "DISEASE_GROUP", "寒性肾病": "DISEASE_GROUP", "妇女病": "DISEASE_GROUP", "脱发症": "DISEASE_GROUP", "急性肾小球肾炎": "DISEASE_GROUP", "男性不育症": "DISEASE_GROUP", "腰痛": "DISEASE_GROUP", "淤血腰痛": "DISEASE_GROUP", "出血性疾病": "DISEASE_GROUP", "胸腺萎缩": "DISEASE_GROUP", "肺癌": "DISEASE_GROUP", "肺炎": "DISEASE_GROUP", "腮腺炎": "DISEASE_GROUP", "蜂窝组织炎": "DISEASE_GROUP", "支气管炎": "DISEASE_GROUP", "性功能低下症": "DISEASE_GROUP", "消化系统疾病": "DISEASE_GROUP", "肠易激综合症": "DISEASE_GROUP", "感冒类药": "DISEASE_GROUP", "弱精子症": "DISEASE_GROUP", "少精子症": "DISEASE_GROUP", "男性不育": "DISEASE_GROUP", "肺心病": "DISEASE_GROUP", "慢性非特异性前列腺炎": "DISEASE_GROUP", "青少年白发症": "DISEASE_GROUP", "肾脏病": "DISEASE_GROUP", "类风湿关节炎": "DISEASE_GROUP", "风湿症": "DISEASE_GROUP", "肠病": "DISEASE_GROUP", "子宫病": "DISEASE_GROUP", "中毒": "DISEASE_GROUP", "胃肠痞病": "DISEASE_GROUP", "胆痞病": "DISEASE_GROUP", "痞瘤": "DISEASE_GROUP", "风湿痛": "DISEASE_GROUP", "尿道感染": "DISEASE_GROUP", "肾小球肾炎": "DISEASE_GROUP", "泌尿系统肿瘤": "DISEASE_GROUP", "肾赫依病": "DISEASE_GROUP", "泌尿系统疾病": "DISEASE_GROUP", "脾肾炎": "DISEASE_GROUP", "男女肾病": "DISEASE_GROUP", "男女一切肾病": "DISEASE_GROUP", "慢性疾病": "DISEASE_GROUP", "油脂分泌过多症": "DISEASE_GROUP", "严重消化系统疾病": "DISEASE_GROUP", "催眠镇静药": "DISEASE_GROUP", "急性戒断症": "DISEASE_GROUP", "溃疡病": "DISEASE_GROUP", "消化道疾病": "DISEASE_GROUP", "肝肾疾": "DISEASE_GROUP", "精神病": "DISEASE_GROUP", "慢性支气管炎": "DISEASE_GROUP", "高脂血症": "DISEASE_GROUP", "肝硬化": "DISEASE_GROUP", "老年痴呆": "DISEASE_GROUP", "肾阴阳两虚症": "DISEASE_GROUP", "妇科多种炎症": "DISEASE_GROUP", "肾虚水肿": "DISEASE_GROUP", "肿瘤病": "DISEASE_GROUP", "弱精症": "DISEASE_GROUP", "癫痫病": "DISEASE_GROUP", "慢性宫颈糜烂": "DISEASE_GROUP", "不孕症": "DISEASE_GROUP", "出血症": "DISEASE_GROUP", "非淋菌性尿道炎": "DISEASE_GROUP", "月经期症候群": "DISEASE_GROUP", "妇科病": "DISEASE_GROUP", "糖尿病": "DISEASE_GROUP"}