{"眼结膜炎": "DISEASE", "盆腔炎": "DISEASE", "盆腔粘连": "DISEASE", "子宫内膜异位症": "DISEASE", "卵巢囊肿": "DISEASE", "乳腺增生": "DISEASE", "前列腺增生": "DISEASE", "血栓": "DISEASE", "肿瘤": "DISEASE", "乳腺增生病": "DISEASE", "感冒": "DISEASE", "高血压": "DISEASE", "糖尿病": "DISEASE", "肝损伤": "DISEASE", "阴道炎": "DISEASE", "慢性盆腔炎": "DISEASE", "非特异性阴道炎": "DISEASE", "滴虫性阴道炎": "DISEASE", "子宫肌瘤": "DISEASE", "子宫肥大": "DISEASE", "子宫内膜炎": "DISEASE", "附件炎": "DISEASE", "乳癖": "DISEASE", "乳腺囊性增生": "DISEASE", "炎症": "DISEASE", "慢性宫颈炎": "DISEASE", "脑动脉硬化": "DISEASE", "脂溢性脱发": "DISEASE", "血管神经性头痛": "DISEASE", "外阴炎": "DISEASE", "霉菌性阴道炎": "DISEASE", "细菌性阴道病": "DISEASE", "子宫壁间肌瘤": "DISEASE", "浆膜下肌瘤": "DISEASE", "前列腺炎": "DISEASE", "慢性前列腺炎": "DISEASE", "慢性附件炎": "DISEASE", "宫颈糜烂": "DISEASE", "附件炎性包块": "DISEASE", "慢性子宫颈炎": "DISEASE", "阴道粘膜炎": "DISEASE", "老年痴呆症": "DISEASE", "药疹": "DISEASE", "贫血": "DISEASE", "再生障碍性贫血": "DISEASE", "缺铁性贫血": "DISEASE", "心绞痛": "DISEASE", "心肌梗死": "DISEASE", "前列腺增生症": "DISEASE", "急慢性尿路感染": "DISEASE", "滴虫性引导炎": "DISEASE", "滴虫性尿道炎": "DISEASE", "菌痢": "DISEASE", "上呼吸道感染": "DISEASE", "扁桃体炎": "DISEASE", "尿路感染": "DISEASE", "尿路结石": "DISEASE", "前列腺肥大": "DISEASE", "多血症": "DISEASE", "胃炎": "DISEASE", "慢性肠炎": "DISEASE", "热淋": "DISEASE", "泌尿系感染": "DISEASE", "浅表性胃炎": "DISEASE", "泌尿系统感染": "DISEASE", "颈椎病": "DISEASE", "斑秃": "DISEASE", "宫颈癌": "DISEASE", "胃癌": "DISEASE", "肝癌": "DISEASE", "胆囊癌": "DISEASE", "食道癌": "DISEASE", "艾氏腹水癌": "DISEASE", "肺结核": "DISEASE", "支气管扩张": "DISEASE", "十二指肠溃疡": "DISEASE", "湿热挟瘀症": "DISEASE", "血压者": "DISEASE", "尿毒症": "DISEASE", "阴道霉菌感染": "DISEASE", "中风": "DISEASE", "盆腔瘀血": "DISEASE", "不孕症": "DISEASE", "非特异性阴道": "DISEASE", "睾丸肿瘤": "DISEASE", "睾丸结核": "DISEASE", "辜丸结核": "DISEASE", "念珠菌性阴道炎": "DISEASE", "乳痈结核": "DISEASE", "眩晕症": "DISEASE", "小叶增生": "DISEASE", "皮疹": "DISEASE", "慢性肾炎": "DISEASE", "甲状腺功能低下": "DISEASE", "性神经衰弱": "DISEASE", "肾上腺皮质功能减退": "DISEASE", "慢性支气管哮喘": "DISEASE", "白内障": "DISEASE", "荨麻疹": "DISEASE", "脾虚大便溏": "DISEASE", "风湿": "DISEASE", "支原体阴道炎": "DISEASE", "淋菌性阴道炎": "DISEASE", "乳腺炎": "DISEASE", "人肠滴虫": "DISEASE", "急性肝损伤": "DISEASE", "霉菌性": "DISEASE", "滴虫性": "DISEASE", "温热类疾病": "DISEASE", "细菌性痢疾": "DISEASE", "急性肠炎": "DISEASE", "重度宫颈糜烂": "DISEASE", "湿疹": "DISEASE", "厥脱症": "DISEASE", "肺脓疡": "DISEASE", "老年性阴道炎": "DISEASE", "急性肾炎": "DISEASE", "软组织损伤": "DISEASE", "慢性阑尾炎": "DISEASE", "宫颈炎": "DISEASE", "阴蚀": "DISEASE", "淋巴结结核": "DISEASE", "乳痈": "DISEASE", "乳炎": "DISEASE", "慢性肾盂肾炎": "DISEASE", "急性前列腺炎": "DISEASE", "阳痿不举": "DISEASE", "遗精滑泄": "DISEASE", "早泄": "DISEASE", "急慢性盆腔炎": "DISEASE", "肉芽肿": "DISEASE", "泌尿结石": "DISEASE", "肾挫伤": "DISEASE", "胃溃疡": "DISEASE", "急性盆腔炎": "DISEASE", "急性子宫内膜炎": "DISEASE", "慢性肾功能衰竭": "DISEASE", "肾功能衰竭": "DISEASE", "营养性贫血": "DISEASE", "慢性乙型病毒性肝炎": "DISEASE", "急性非特异性尿路感染": "DISEASE", "高血脂": "DISEASE", "不孕": "DISEASE", "多发性神经炎": "DISEASE", "支气管哮喘": "DISEASE", "伤风感冒": "DISEASE", "精浊": "DISEASE", "白浊": "DISEASE", "劳淋": "DISEASE", "青光眼": "DISEASE", "过敏性鼻炎": "DISEASE", "血管性水肿": "DISEASE", "支气管痉挛": "DISEASE", "溃疡性结肠炎": "DISEASE", "哮喘": "DISEASE", "急性附件炎": "DISEASE", "慢性胃痛": "DISEASE", "乳腺囊性增生病": "DISEASE", "造血系统疾病": "DISEASE", "肝肾功能不全": "DISEASE", "湿热带下病": "DISEASE", "接触性皮炎": "DISEASE", "体股癣": "DISEASE", "急性下尿路泌尿系感染": "DISEASE", "白细胞减少症": "DISEASE", "盘腔炎": "DISEASE", "非缺铁性贫血": "DISEASE", "地中海贫血": "DISEASE", "肝炎": "DISEASE", "胰腺炎": "DISEASE", "急慢性肾小球肾炎": "DISEASE", "肾盂肾炎": "DISEASE", "尿道炎": "DISEASE", "念珠菌阴道炎": "DISEASE", "滴虫阴道炎": "DISEASE", "更年期综合症": "DISEASE", "肾炎": "DISEASE", "慢性肾小球肾炎": "DISEASE", "腰椎退行性病变": "DISEASE", "腰锥退行性病变": "DISEASE", "佝偻病": "DISEASE", "阴道溃疡": "DISEASE", "急性传染性肝炎": "DISEASE", "视网膜病变": "DISEASE", "升白升血小板": "DISEASE", "血小板减少症": "DISEASE", "骨髓增生异常": "DISEASE", "急慢性肾炎": "DISEASE", "骨髓炎": "DISEASE", "关节炎": "DISEASE", "筋膜炎": "DISEASE", "乳腺小叶增生": "DISEASE", "类风湿": "DISEASE", "乳痛症": "DISEASE", "甲状腺肿大": "DISEASE", "脂肪瘤": "DISEASE", "瘰疠": "DISEASE", "痰核瘿瘤": "DISEASE", "慢性支气管炎": "DISEASE", "肺气肿": "DISEASE", "肺炎": "DISEASE", "百日咳": "DISEASE", "支原体肺炎": "DISEASE", "气胸": "DISEASE", "疱疹性咽峡炎": "DISEASE", "成人呼吸窘迫综合征": "DISEASE", "鼾症": "DISEASE", "胃病": "DISEASE", "慢性胃炎": "DISEASE", "便秘": "DISEASE", "慢性腹泻": "DISEASE", "急性胃炎": "DISEASE", "急性腐蚀性胃炎": "DISEASE", "胃肠道功能紊乱": "DISEASE", "食物中毒": "DISEASE", "腹痛": "DISEASE", "大肠癌": "DISEASE", "消化性溃疡": "DISEASE", "": "DISEASE", "癫痫": "DISEASE", "头痛": "DISEASE", "坐骨神经痛": "DISEASE", "神经衰弱": "DISEASE", "偏头痛": "DISEASE", "甲亢": "DISEASE", "白血病": "DISEASE", "淋巴瘤": "DISEASE", "过敏性紫癜": "DISEASE", "维生素B12缺乏所致贫血": "DISEASE", "红斑狼疮": "DISEASE", "痛风": "DISEASE", "强直性脊柱炎": "DISEASE", "肾积水": "DISEASE", "肾囊肿": "DISEASE", "肾结石": "DISEASE", "肾病综合征": "DISEASE", "冠心病": "DISEASE", "心肌炎": "DISEASE", "先天性心脏病": "DISEASE", "心律失常": "DISEASE", "窦性心动过速": "DISEASE", "骨肉瘤": "DISEASE", "皮肤癌": "DISEASE", "阴茎癌": "DISEASE", "膀胱癌": "DISEASE", "卵巢癌": "DISEASE", "胆管癌": "DISEASE", "胰腺癌": "DISEASE", "鼻咽癌": "DISEASE", "食管癌": "DISEASE", "肺癌": "DISEASE", "原发性肝癌": "DISEASE", "宫外孕": "DISEASE", "闭经": "DISEASE", "淋球菌感染": "DISEASE", "坐骨疝": "DISEASE", "先天性无阴道": "DISEASE", "出血性输卵管炎": "DISEASE", "蛲虫性阴道炎": "DISEASE", "子宫下垂": "DISEASE", "细菌性阴道炎": "DISEASE", "乳腺癌": "DISEASE", "乳房结核": "DISEASE", "卵泡囊肿": "DISEASE", "乳房纤维瘤": "DISEASE", "子宫内膜增生": "DISEASE", "痛经": "DISEASE", "非淋菌性尿道炎": "DISEASE", "输卵管炎": "DISEASE", "子宫破裂": "DISEASE", "复发性卵巢恶性肿瘤": "DISEASE", "卵巢肿瘤": "DISEASE", "失血性休克": "DISEASE", "过期妊娠": "DISEASE", "卵巢巧克力囊肿破": "DISEASE", "输卵管阻塞性不孕": "DISEASE", "外阴痛": "DISEASE", "产褥感染": "DISEASE", "外阴瘙痒": "DISEASE", "宫颈息肉": "DISEASE", "卵巢破裂": "DISEASE", "性交疼痛": "DISEASE", "毛滴虫病": "DISEASE", "外阴湿疹": "DISEASE", "宫颈腺癌": "DISEASE", "月经不调": "DISEASE", "过敏性阴道炎": "DISEASE", "崩漏": "DISEASE", "麦格综合征": "DISEASE", "子宫颈平滑肌瘤": "DISEASE", "小儿中暑和暑热症": "DISEASE", "母乳性黄疸": "DISEASE", "发烧": "DISEASE", "败血症": "DISEASE", "奶癣": "DISEASE", "小儿肺炎": "DISEASE", "尿布疹": "DISEASE", "小儿脑瘫": "DISEASE", "手足口病": "DISEASE", "儿童遗尿症": "DISEASE", "婴幼儿腹泻": "DISEASE", "疝气": "DISEASE", "小儿营养不良": "DISEASE", "自闭症": "DISEASE", "小儿多动症": "DISEASE", "新生儿败血症": "DISEASE", "小儿厌食症": "DISEASE", "早产儿": "DISEASE", "风疹": "DISEASE", "小儿肥胖症": "DISEASE", "鹅口疮": "DISEASE", "麻疹": "DISEASE", "小儿发烧": "DISEASE", "新生儿缺氧缺血性": "DISEASE", "新生儿黄疸": "DISEASE", "小儿感冒": "DISEASE", "小儿急性支气管炎": "DISEASE", "流行性腮腺炎": "DISEASE", "小儿哮喘": "DISEASE", "性早熟": "DISEASE", "产后出血": "DISEASE", "羊水栓塞": "DISEASE", "产后虚脱": "DISEASE", "早产": "DISEASE", "弓形虫病": "DISEASE", "流产": "DISEASE", "产褥期乳腺炎": "DISEASE", "难产": "DISEASE", "胎儿先天畸形": "DISEASE", "妊高征": "DISEASE", "胎位异常": "DISEASE", "破水": "DISEASE", "新生儿窒息": "DISEASE", "急性化脓性乳腺炎": "DISEASE", "羊膜带综合征": "DISEASE", "胎盘早剥": "DISEASE", "阳痿": "DISEASE", "精索静脉曲张": "DISEASE", "包皮阴茎头炎": "DISEASE", "阴茎小": "DISEASE", "睾丸炎": "DISEASE", "前列腺癌": "DISEASE", "阴茎异常勃起": "DISEASE", "非细菌性前列腺炎": "DISEASE", "包茎": "DISEASE", "包皮龟头炎": "DISEASE", "遗精": "DISEASE", "附睾炎": "DISEASE", "性欲亢进": "DISEASE", "不射精症": "DISEASE", "慢性细菌性前列腺": "DISEASE", "睾丸扭转": "DISEASE", "男性不育症": "DISEASE", "包皮过长": "DISEASE", "少精症": "DISEASE", "精囊炎": "DISEASE", "淋病合并症前列腺炎": "DISEASE", "酒渣鼻": "DISEASE", "脚气": "DISEASE", "白屑风": "DISEASE", "麻风病": "DISEASE", "冻疮": "DISEASE", "皮肤过敏": "DISEASE", "耳湿疹": "DISEASE", "毛囊炎": "DISEASE", "阴囊湿疹": "DISEASE", "银屑病": "DISEASE", "牛痘": "DISEASE", "白癜风": "DISEASE", "手足癣": "DISEASE", "痤疮": "DISEASE", "红癣": "DISEASE", "狐臭": "DISEASE", "带状疱疹": "DISEASE", "坏疽性脓皮症": "DISEASE", "牛皮癣": "DISEASE", "汗疱症": "DISEASE", "雀斑": "DISEASE", "花柳病": "DISEASE", "鸡眼": "DISEASE", "脚癣": "DISEASE", "白化病": "DISEASE", "疥疮": "DISEASE", "尖锐湿疣": "DISEASE", "艾滋病": "DISEASE", "梅毒": "DISEASE", "生殖器疱疹": "DISEASE", "淋病": "DISEASE", "生殖器念珠菌病": "DISEASE", "二期梅毒": "DISEASE", "一期梅毒": "DISEASE", "潜伏梅毒": "DISEASE", "腹股沟肉芽肿": "DISEASE", "三期梅毒": "DISEASE", "病毒性肝炎": "DISEASE", "丙型肝炎病毒感染": "DISEASE", "肝结核": "DISEASE", "肝瘟": "DISEASE", "甲型病毒性肝炎": "DISEASE", "网瘾": "DISEASE", "癔症": "DISEASE", "焦虑症": "DISEASE", "抑郁性神经症": "DISEASE", "躁狂症": "DISEASE", "性冷淡": "DISEASE", "性心理障碍": "DISEASE", "性障碍": "DISEASE", "失眠": "DISEASE", "情感障碍": "DISEASE", "强迫症": "DISEASE", "性变态": "DISEASE", "恐怖症": "DISEASE", "精神分裂症": "DISEASE", "磨牙": "DISEASE", "人格障碍": "DISEASE", "抑郁症": "DISEASE", "疑病症": "DISEASE", "偏执性精神障碍": "DISEASE", "结膜炎": "DISEASE", "散光": "DISEASE", "并发症白内障": "DISEASE", "近视眼": "DISEASE", "沙眼": "DISEASE", "玻璃体出血": "DISEASE", "角膜炎": "DISEASE", "色盲": "DISEASE", "眶底骨折": "DISEASE", "反向斜视": "DISEASE", "泪腺炎": "DISEASE", "视网膜脱落": "DISEASE", "干眼": "DISEASE", "麦粒肿": "DISEASE", "斜视": "DISEASE", "巩膜炎": "DISEASE", "缺血性视神经病变": "DISEASE", "雪盲": "DISEASE", "红眼病": "DISEASE", "弱视": "DISEASE", "眼弓蛔虫病": "DISEASE", "干眼症": "DISEASE", "球后视神经炎": "DISEASE", "眼眶脓肿": "DISEASE", "鼻疖": "DISEASE", "面肌痉挛": "DISEASE", "鼻息肉": "DISEASE", "鼓膜外伤": "DISEASE", "乳突炎": "DISEASE", "鼻前庭炎": "DISEASE", "喉癌": "DISEASE", "听力障碍": "DISEASE", "喉痹": "DISEASE", "突发性耳聋": "DISEASE", "鼻炎": "DISEASE", "喉炎": "DISEASE", "嗅觉障碍": "DISEASE", "鼻咽炎": "DISEASE", "喉阻塞": "DISEASE", "咽部异物": "DISEASE", "鼻出血": "DISEASE", "中耳炎": "DISEASE", "鼻骨骨折": "DISEASE", "急性鼻咽炎": "DISEASE", "枯草热": "DISEASE", "耳聋": "DISEASE", "慢性鼻炎": "DISEASE", "耳疖": "DISEASE", "慢性鼻咽炎": "DISEASE", "扁平苔癣": "DISEASE", "口臭": "DISEASE", "唇裂": "DISEASE", "口角炎": "DISEASE", "垂痈": "DISEASE", "口糜": "DISEASE", "唇疱疹": "DISEASE", "口腔溃疡": "DISEASE", "单纯性牙周炎": "DISEASE", "龋齿": "DISEASE", "腭裂": "DISEASE", "牙痈": "DISEASE", "二氧化硫中毒": "DISEASE", "牙周炎": "DISEASE", "氟牙症": "DISEASE", "牙髓病": "DISEASE", "根尖周病": "DISEASE", "颌骨骨折": "DISEASE", "闭合性气胸": "DISEASE", "鸡胸": "DISEASE", "早搏": "DISEASE", "病毒性心肌炎": "DISEASE", "急性心包炎": "DISEASE", "怔忡": "DISEASE", "穿透性心脏外伤": "DISEASE", "咳嗽晕厥综合征": "DISEASE", "主动脉瘤": "DISEASE", "创伤窒息综合征": "DISEASE", "淋巴管肌瘤": "DISEASE", "原发性心脏肿瘤": "DISEASE", "单心房": "DISEASE", "慢性肺炎": "DISEASE", "胸膜炎": "DISEASE", "动脉瘤": "DISEASE", "慢性心包炎": "DISEASE", "动脉硬化": "DISEASE", "慢性心力衰竭": "DISEASE", "胸腺癌": "DISEASE", "恶性胸腔积液": "DISEASE", "脓胸": "DISEASE", "气管梗阻": "DISEASE", "心厥": "DISEASE", "肺水肿": "DISEASE", "心肌梗塞": "DISEASE", "支气管发育不全": "DISEASE", "膈肌膨出": "DISEASE", "胸腔积液": "DISEASE", "闭合性脑外伤": "DISEASE", "颅内黑色素瘤": "DISEASE", "脑血吸虫病": "DISEASE", "表皮囊肿": "DISEASE", "颅骨结核": "DISEASE", "脑膜瘤": "DISEASE", "痴呆": "DISEASE", "脑出血": "DISEASE", "脑蛛网膜炎": "DISEASE", "垂体瘤": "DISEASE", "脑积水": "DISEASE", "丘脑下部损伤": "DISEASE", "高颅压性脑积水": "DISEASE", "脑痨": "DISEASE", "头风病": "DISEASE", "高血压脑出血": "DISEASE", "脑梗塞": "DISEASE", "弓形体脑病": "DISEASE", "脑瘤": "DISEASE", "脊椎结核": "DISEASE", "脑膜炎": "DISEASE", "颅骨缺损": "DISEASE", "脑栓塞": "DISEASE", "颅内肿瘤": "DISEASE", "脑萎": "DISEASE", "颅骨骨髓炎": "DISEASE", "脑血栓": "DISEASE", "颅咽管瘤": "DISEASE", "脑震荡": "DISEASE", "胆结石": "DISEASE", "胆管扩张症": "DISEASE", "肝硬化": "DISEASE", "胆总管结石": "DISEASE", "胆囊息肉": "DISEASE", "胆汁返流性胃炎": "DISEASE", "胆道出血": "DISEASE", "肝脓肿": "DISEASE", "结石性胆囊炎": "DISEASE", "慢性肝炎": "DISEASE", "慢性胆囊炎": "DISEASE", "尿瘘": "DISEASE", "输尿管炎": "DISEASE", "肾下垂": "DISEASE", "胆石症": "DISEASE", "膀胱炎": "DISEASE", "输尿管结石": "DISEASE", "非肾上腺素增生性": "DISEASE", "膀胱瘘": "DISEASE", "阴囊癌": "DISEASE", "腹股沟疝": "DISEASE", "膀胱结石": "DISEASE", "阴茎结核": "DISEASE", "梗阻性肾病": "DISEASE", "鞘膜积液": "DISEASE", "急性膀胱炎": "DISEASE", "支原体尿路感染": "DISEASE", "精囊结石": "DISEASE", "真菌性尿路感染": "DISEASE", "急性肾小球肾炎": "DISEASE", "肾功能衰减": "DISEASE", "肾小球肾炎": "DISEASE", "白线疝": "DISEASE", "肛裂": "DISEASE", "外痔": "DISEASE", "鞭虫病": "DISEASE", "肛门瘙痒症": "DISEASE", "小肠肿瘤": "DISEASE", "大便失禁": "DISEASE", "肛周脓肿": "DISEASE", "腰疝": "DISEASE", "肛提肌综合征": "DISEASE", "痔疮": "DISEASE", "大肠恶性淋巴瘤": "DISEASE", "急性阑尾炎": "DISEASE", "肿瘤性息肉": "DISEASE", "大肠梗阻": "DISEASE", "混合痔": "DISEASE", "直肠癌": "DISEASE", "大肠类癌": "DISEASE", "结肠癌": "DISEASE", "大肠息肉": "DISEASE", "结肠瘘": "DISEASE", "腹内疝": "DISEASE", "结肠破裂": "DISEASE", "肛窦炎": "DISEASE", "内痔": "DISEASE", "肛瘘": "DISEASE", "蛲虫病": "DISEASE", "肩周炎": "DISEASE", "骨质增生": "DISEASE", "关节脱位": "DISEASE", "风湿性关节炎": "DISEASE", "踝扭伤": "DISEASE", "半椎体畸形": "DISEASE", "高弓足": "DISEASE", "踝部骨折": "DISEASE", "肋骨骨折": "DISEASE", "肘关节脱位": "DISEASE", "扁平足": "DISEASE", "跟骨骨折": "DISEASE", "滑囊炎": "DISEASE", "类风湿性关节炎": "DISEASE", "椎间盘突出症": "DISEASE", "髌骨骨折": "DISEASE", "复发性风湿病": "DISEASE", "褐黄病": "DISEASE", "孟氏骨折": "DISEASE", "髌腱断裂": "DISEASE", "股骨头坏死": "DISEASE", "踝关节脱位": "DISEASE", "平底足": "DISEASE", "布氏杆菌性关节炎": "DISEASE", "骨折": "DISEASE", "脊柱炎": "DISEASE", "软骨发育不全": "DISEASE", "变形性骨炎": "DISEASE", "网球肘": "DISEASE", "腱鞘炎": "DISEASE", "鼠标手": "DISEASE", "成人骨坏死": "DISEASE", "膝关节脱位": "DISEASE", "耻骨炎": "DISEASE", "骨膜炎": "DISEASE", "腱鞘囊肿": "DISEASE", "腰椎间盘突出": "DISEASE", "脆弱性骨硬化": "DISEASE", "骨关节炎": "DISEASE", "筋痹": "DISEASE", "腰肌劳损": "DISEASE", "创伤性鼻出血": "DISEASE", "断指再植": "DISEASE", "电击伤": "DISEASE", "喉部创伤": "DISEASE", "创伤性休克": "DISEASE", "创伤性气胸": "DISEASE", "不动杆菌感染": "DISEASE", "电烧伤": "DISEASE", "冻僵": "DISEASE", "化学烧伤": "DISEASE", "浸渍足": "DISEASE", "钠过多": "DISEASE", "热烧伤": "DISEASE", "烧伤感染": "DISEASE", "小儿烧伤": "DISEASE", "咽部灼伤": "DISEASE", "烧伤休克": "DISEASE", "柏哲病": "DISEASE", "乳腺结核": "DISEASE", "乳头内陷": "DISEASE", "男性乳房肥大症": "DISEASE", "多乳房": "DISEASE", "乳房棘球蚴病": "DISEASE", "乳房缺少症": "DISEASE", "乳房神经纤维瘤": "DISEASE", "疖": "DISEASE", "多指畸形": "DISEASE", "脓肿": "DISEASE", "甲沟炎和甲下脓肿": "DISEASE", "柯莱斯骨折": "DISEASE", "尺神经损伤": "DISEASE", "半月线疝": "DISEASE", "闭孔疝": "DISEASE", "胞痹": "DISEASE", "肠瘘": "DISEASE", "肠结": "DISEASE", "肠扭转": "DISEASE", "残胃淋巴瘤": "DISEASE", "鼻血管瘤": "DISEASE", "肺血管炎": "DISEASE", "管炎肠系膜动脉瘤": "DISEASE", "肺动静脉瘤": "DISEASE", "腹主动脉瘤": "DISEASE", "腹壁血栓性静脉炎": "DISEASE", "肠系膜动脉瘤": "DISEASE"}