{"桂枝": "DRUG_INGREDIENT", "茯苓": "DRUG_INGREDIENT", "白芍": "DRUG_INGREDIENT", "桃仁": "DRUG_INGREDIENT", "人参": "DRUG_INGREDIENT", "反藜芦": "DRUG_INGREDIENT", "含藜芦": "DRUG_INGREDIENT", "甘草": "DRUG_INGREDIENT", "反甘遂": "DRUG_INGREDIENT", "大戟": "DRUG_INGREDIENT", "海藻": "DRUG_INGREDIENT", "芫花": "DRUG_INGREDIENT", "益母草": "DRUG_INGREDIENT", "淀粉": "DRUG_INGREDIENT", "熟地黄": "DRUG_INGREDIENT", "牛膝": "DRUG_INGREDIENT", "琥珀": "DRUG_INGREDIENT", "鲜鹿肉": "DRUG_INGREDIENT", "没药": "DRUG_INGREDIENT", "益母草膏": "DRUG_INGREDIENT", "枸杞子": "DRUG_INGREDIENT", "远志肉": "DRUG_INGREDIENT", "肉苁蓉": "DRUG_INGREDIENT", "鹿尾": "DRUG_INGREDIENT", "花椒": "DRUG_INGREDIENT", "覆盆子": "DRUG_INGREDIENT", "紫河车": "DRUG_INGREDIENT", "川芎": "DRUG_INGREDIENT", "白术": "DRUG_INGREDIENT", "当归": "DRUG_INGREDIENT", "陈皮": "DRUG_INGREDIENT", "红花": "DRUG_INGREDIENT", "地黄": "DRUG_INGREDIENT", "木香": "DRUG_INGREDIENT", "砂仁": "DRUG_INGREDIENT", "续断": "DRUG_INGREDIENT", "黄芩": "DRUG_INGREDIENT", "山药": "DRUG_INGREDIENT", "木瓜": "DRUG_INGREDIENT", "酸枣仁": "DRUG_INGREDIENT", "桑白皮": "DRUG_INGREDIENT", "甘遂": "DRUG_INGREDIENT", "藜芦": "DRUG_INGREDIENT", "赤芍": "DRUG_INGREDIENT", "妇炎康片": "DRUG_INGREDIENT", "皂荚": "DRUG_INGREDIENT", "香附": "DRUG_INGREDIENT", "延胡": "DRUG_INGREDIENT", "阿胶": "DRUG_INGREDIENT", "马兜铃酸": "DRUG_INGREDIENT", "艾叶": "DRUG_INGREDIENT", "丹参": "DRUG_INGREDIENT", "炮姜": "DRUG_INGREDIENT", "肉桂": "DRUG_INGREDIENT", "茎皮": "DRUG_INGREDIENT", "龙芽": "DRUG_INGREDIENT", "含甘遂": "DRUG_INGREDIENT", "益母革": "DRUG_INGREDIENT", "蔗糖": "DRUG_INGREDIENT", "糊精": "DRUG_INGREDIENT", "黄连": "DRUG_INGREDIENT", "蛇床子": "DRUG_INGREDIENT", "葡萄糖": "DRUG_INGREDIENT", "硼酸粉": "DRUG_INGREDIENT", "枯矶粉": "DRUG_INGREDIENT", "忍冬藤": "DRUG_INGREDIENT", "蒲公英": "DRUG_INGREDIENT", "鸡血藤": "DRUG_INGREDIENT", "狗脊": "DRUG_INGREDIENT", "车前草": "DRUG_INGREDIENT", "山茱萸": "DRUG_INGREDIENT", "牡丹皮": "DRUG_INGREDIENT", "泽泻": "DRUG_INGREDIENT", "淫羊藿": "DRUG_INGREDIENT", "黄芪": "DRUG_INGREDIENT", "蒲黄": "DRUG_INGREDIENT", "川牛膝": "DRUG_INGREDIENT", "千斤拔": "DRUG_INGREDIENT", "功劳木": "DRUG_INGREDIENT", "两面针": "DRUG_INGREDIENT", "穿心莲": "DRUG_INGREDIENT", "党参": "DRUG_INGREDIENT", "延胡索": "DRUG_INGREDIENT", "青皮": "DRUG_INGREDIENT", "枳壳": "DRUG_INGREDIENT", "黄芪生": "DRUG_INGREDIENT", "豆蔻": "DRUG_INGREDIENT", "沉香": "DRUG_INGREDIENT", "鹿茸": "DRUG_INGREDIENT", "韭菜子": "DRUG_INGREDIENT", "氢氧化钠": "DRUG_INGREDIENT", "苯甲酸": "DRUG_INGREDIENT", "朱砂": "DRUG_INGREDIENT", "蜂蜜": "DRUG_INGREDIENT", "白花蛇舌草": "DRUG_INGREDIENT", "仙鹤草": "DRUG_INGREDIENT", "黄柏": "DRUG_INGREDIENT", "珍珠": "DRUG_INGREDIENT", "菟丝子": "DRUG_INGREDIENT", "女贞子": "DRUG_INGREDIENT", "褚实子": "DRUG_INGREDIENT", "沙苑子": "DRUG_INGREDIENT", "五味子": "DRUG_INGREDIENT", "苍术": "DRUG_INGREDIENT", "小麦胚芽粉": "DRUG_INGREDIENT", "赤勺": "DRUG_INGREDIENT", "丹皮": "DRUG_INGREDIENT", "蒺藜": "DRUG_INGREDIENT", "石决明": "DRUG_INGREDIENT", "菊花": "DRUG_INGREDIENT", "黄藤素": "DRUG_INGREDIENT", "三七皂甙": "DRUG_INGREDIENT", "黄酮": "DRUG_INGREDIENT", "柴胡": "DRUG_INGREDIENT", "栀子": "DRUG_INGREDIENT", "氧化苦参碱": "DRUG_INGREDIENT", "苦参碱": "DRUG_INGREDIENT", "苦参": "DRUG_INGREDIENT", "生香附": "DRUG_INGREDIENT", "制香": "DRUG_INGREDIENT", "蜈蚣": "DRUG_INGREDIENT", "蜂王浆": "DRUG_INGREDIENT", "诸药": "DRUG_INGREDIENT", "共奏": "DRUG_INGREDIENT", "益线草": "DRUG_INGREDIENT", "干姜": "DRUG_INGREDIENT", "苦木": "DRUG_INGREDIENT", "莪术油": "DRUG_INGREDIENT", "冰片": "DRUG_INGREDIENT", "土茯苓": "DRUG_INGREDIENT", "槐花": "DRUG_INGREDIENT", "白茅根": "DRUG_INGREDIENT", "藿香": "DRUG_INGREDIENT", "广东王不留行": "DRUG_INGREDIENT", "杠板归": "DRUG_INGREDIENT", "连翘": "DRUG_INGREDIENT", "赤豆": "DRUG_INGREDIENT", "乌药": "DRUG_INGREDIENT", "穿山龙": "DRUG_INGREDIENT", "地龙": "DRUG_INGREDIENT", "乌鸡": "DRUG_INGREDIENT", "鹿角胶": "DRUG_INGREDIENT", "鳖甲": "DRUG_INGREDIENT", "牡蛎": "DRUG_INGREDIENT", "桑螵蛸": "DRUG_INGREDIENT", "青蒿": "DRUG_INGREDIENT", "天冬": "DRUG_INGREDIENT", "银柴胡": "DRUG_INGREDIENT", "芡实": "DRUG_INGREDIENT", "知母": "DRUG_INGREDIENT", "龟甲": "DRUG_INGREDIENT", "黄柏提取物": "DRUG_INGREDIENT", "陈皮健运脾胃": "DRUG_INGREDIENT", "大枣": "DRUG_INGREDIENT", "制何首乌": "DRUG_INGREDIENT", "桑寄生": "DRUG_INGREDIENT", "黄精": "DRUG_INGREDIENT", "灵芝": "DRUG_INGREDIENT", "洋金花": "DRUG_INGREDIENT", "鹿角霜": "DRUG_INGREDIENT", "炼蜜": "DRUG_INGREDIENT", "薏苡仁": "DRUG_INGREDIENT", "浙贝母": "DRUG_INGREDIENT", "川木通": "DRUG_INGREDIENT", "补骨脂": "DRUG_INGREDIENT", "八角": "DRUG_INGREDIENT", "茴香": "DRUG_INGREDIENT", "小茴香": "DRUG_INGREDIENT", "蛤蚧": "DRUG_INGREDIENT", "附子": "DRUG_INGREDIENT", "紫梢花": "DRUG_INGREDIENT", "巴戟天": "DRUG_INGREDIENT", "菟丝饼": "DRUG_INGREDIENT", "荜澄茄": "DRUG_INGREDIENT", "紫草": "DRUG_INGREDIENT", "枯矾": "DRUG_INGREDIENT", "儿茶": "DRUG_INGREDIENT", "反海藻": "DRUG_INGREDIENT", "元胡": "DRUG_INGREDIENT", "制香附": "DRUG_INGREDIENT", "百合科": "DRUG_INGREDIENT", "菝葜": "DRUG_INGREDIENT", "蝉蜕": "DRUG_INGREDIENT", "地肤子": "DRUG_INGREDIENT", "防风": "DRUG_INGREDIENT", "毛冬青": "DRUG_INGREDIENT", "黄酮计": "DRUG_INGREDIENT", "吲哚美辛": "DRUG_INGREDIENT", "京大戟": "DRUG_INGREDIENT", "复盆子": "DRUG_INGREDIENT", "路路通": "DRUG_INGREDIENT", "锁阳": "DRUG_INGREDIENT", "淫阳藿": "DRUG_INGREDIENT", "沙参": "DRUG_INGREDIENT", "蛇床子酌予碎断": "DRUG_INGREDIENT", "狗肾": "DRUG_INGREDIENT", "鹿鞭": "DRUG_INGREDIENT", "共研细粉": "DRUG_INGREDIENT", "金雀花碱": "DRUG_INGREDIENT", "莲须": "DRUG_INGREDIENT", "莲子": "DRUG_INGREDIENT", "茸血": "DRUG_INGREDIENT", "薏苡素": "DRUG_INGREDIENT", "怀牛膝": "DRUG_INGREDIENT", "黄柏碱": "DRUG_INGREDIENT", "制半夏": "DRUG_INGREDIENT", "艾叶炭": "DRUG_INGREDIENT", "吴茱萸": "DRUG_INGREDIENT", "酒白芍": "DRUG_INGREDIENT", "制川芎": "DRUG_INGREDIENT", "肉佳": "DRUG_INGREDIENT", "炙甘草": "DRUG_INGREDIENT", "人发": "DRUG_INGREDIENT", "卜芥": "DRUG_INGREDIENT", "丁香": "DRUG_INGREDIENT", "刀豆": "DRUG_INGREDIENT", "三七": "DRUG_INGREDIENT", "三棱": "DRUG_INGREDIENT", "干漆": "DRUG_INGREDIENT", "广白": "DRUG_INGREDIENT", "广角广丹": "DRUG_INGREDIENT", "大黄": "DRUG_INGREDIENT", "大蒜": "DRUG_INGREDIENT", "大蓟": "DRUG_INGREDIENT", "小蓟": "DRUG_INGREDIENT", "小麦": "DRUG_INGREDIENT", "小蘖": "DRUG_INGREDIENT", "山丹": "DRUG_INGREDIENT", "山茶": "DRUG_INGREDIENT", "山奈": "DRUG_INGREDIENT", "山香": "DRUG_INGREDIENT", "山枣": "DRUG_INGREDIENT", "山栀": "DRUG_INGREDIENT", "山姜": "DRUG_INGREDIENT", "山楂": "DRUG_INGREDIENT", "川羌": "DRUG_INGREDIENT", "川军": "DRUG_INGREDIENT", "川连": "DRUG_INGREDIENT", "川朴": "DRUG_INGREDIENT", "川乌": "DRUG_INGREDIENT", "川柏": "DRUG_INGREDIENT", "川谷": "DRUG_INGREDIENT", "川断": "DRUG_INGREDIENT", "川椒": "DRUG_INGREDIENT", "川贝": "DRUG_INGREDIENT", "马兰": "DRUG_INGREDIENT", "马辛": "DRUG_INGREDIENT", "马菜": "DRUG_INGREDIENT", "马莲": "DRUG_INGREDIENT", "马宝": "DRUG_INGREDIENT", "马勃": "DRUG_INGREDIENT", "马蔺": "DRUG_INGREDIENT", "卫茅": "DRUG_INGREDIENT", "子苓": "DRUG_INGREDIENT", "天虫": "DRUG_INGREDIENT", "天龙": "DRUG_INGREDIENT", "天雄": "DRUG_INGREDIENT", "天麻": "DRUG_INGREDIENT", "元参": "DRUG_INGREDIENT", "木耳": "DRUG_INGREDIENT", "木莲": "DRUG_INGREDIENT", "木通": "DRUG_INGREDIENT", "木贼": "DRUG_INGREDIENT", "木豆": "DRUG_INGREDIENT", "木笔": "DRUG_INGREDIENT", "木蓝": "DRUG_INGREDIENT", "牙皂": "DRUG_INGREDIENT", "瓦松": "DRUG_INGREDIENT", "瓦韦": "DRUG_INGREDIENT", "贝子": "DRUG_INGREDIENT", "贝母": "DRUG_INGREDIENT", "贝齿": "DRUG_INGREDIENT", "牛至": "DRUG_INGREDIENT", "牛黄": "DRUG_INGREDIENT", "牛蒡": "DRUG_INGREDIENT", "见愁": "DRUG_INGREDIENT", "手参": "DRUG_INGREDIENT", "毛鸡": "DRUG_INGREDIENT", "毛茛": "DRUG_INGREDIENT", "毛姜": "DRUG_INGREDIENT", "升麻": "DRUG_INGREDIENT", "升登": "DRUG_INGREDIENT", "丹砂": "DRUG_INGREDIENT", "乌茜": "DRUG_INGREDIENT", "乌韭": "DRUG_INGREDIENT", "乌头": "DRUG_INGREDIENT", "乌桕": "DRUG_INGREDIENT", "乌梅": "DRUG_INGREDIENT", "方海": "DRUG_INGREDIENT", "六曲": "DRUG_INGREDIENT", "文元": "DRUG_INGREDIENT", "文蛤": "DRUG_INGREDIENT", "仁杞": "DRUG_INGREDIENT", "双花": "DRUG_INGREDIENT", "双皮": "DRUG_INGREDIENT", "水花": "DRUG_INGREDIENT", "水萍": "DRUG_INGREDIENT", "水韭": "DRUG_INGREDIENT", "水莽": "DRUG_INGREDIENT", "水蛭": "DRUG_INGREDIENT", "巴豆": "DRUG_INGREDIENT", "玉桂": "DRUG_INGREDIENT", "玉竹": "DRUG_INGREDIENT", "玉金": "DRUG_INGREDIENT", "甘松": "DRUG_INGREDIENT", "艾片": "DRUG_INGREDIENT", "艾蒿": "DRUG_INGREDIENT", "石韦": "DRUG_INGREDIENT", "石耳": "DRUG_INGREDIENT", "石灰": "DRUG_INGREDIENT", "石斛": "DRUG_INGREDIENT", "石膏": "DRUG_INGREDIENT", "石榴": "DRUG_INGREDIENT", "石燕": "DRUG_INGREDIENT", "石竹": "DRUG_INGREDIENT", "石蜜": "DRUG_INGREDIENT", "龙胆": "DRUG_INGREDIENT", "龙齿": "DRUG_INGREDIENT", "龙骨": "DRUG_INGREDIENT", "龙葵": "DRUG_INGREDIENT", "龙脑": "DRUG_INGREDIENT", "龙眼": "DRUG_INGREDIENT", "归尾": "DRUG_INGREDIENT", "田螺": "DRUG_INGREDIENT", "申姜": "DRUG_INGREDIENT", "生地": "DRUG_INGREDIENT", "生姜": "DRUG_INGREDIENT", "生军": "DRUG_INGREDIENT", "仙茅": "DRUG_INGREDIENT", "及巳": "DRUG_INGREDIENT", "片苓": "DRUG_INGREDIENT", "白及": "DRUG_INGREDIENT", "白芨": "DRUG_INGREDIENT", "白求": "DRUG_INGREDIENT", "白芷": "DRUG_INGREDIENT", "白英": "DRUG_INGREDIENT", "白矾": "DRUG_INGREDIENT", "白果": "DRUG_INGREDIENT", "白前": "DRUG_INGREDIENT", "白丑": "DRUG_INGREDIENT", "白参": "DRUG_INGREDIENT", "白苏": "DRUG_INGREDIENT", "白降": "DRUG_INGREDIENT", "白蜜": "DRUG_INGREDIENT", "白蔻": "DRUG_INGREDIENT", "白蔹": "DRUG_INGREDIENT", "白微": "DRUG_INGREDIENT", "玄参": "DRUG_INGREDIENT", "半夏": "DRUG_INGREDIENT", "地椒": "DRUG_INGREDIENT", "地榆": "DRUG_INGREDIENT", "地笋": "DRUG_INGREDIENT", "地锦": "DRUG_INGREDIENT", "杞子": "DRUG_INGREDIENT", "朴硝": "DRUG_INGREDIENT", "芒硝": "DRUG_INGREDIENT", "西瓜": "DRUG_INGREDIENT", "西羌": "DRUG_INGREDIENT", "列当": "DRUG_INGREDIENT", "百合": "DRUG_INGREDIENT", "百部": "DRUG_INGREDIENT", "当药": "DRUG_INGREDIENT", "中草": "DRUG_INGREDIENT", "曲莲": "DRUG_INGREDIENT", "肉果": "DRUG_INGREDIENT", "向前": "DRUG_INGREDIENT", "竹叶": "DRUG_INGREDIENT", "竹苓": "DRUG_INGREDIENT", "竹沥": "DRUG_INGREDIENT", "竹菇": "DRUG_INGREDIENT", "竹黄": "DRUG_INGREDIENT", "血余": "DRUG_INGREDIENT", "血蝎": "DRUG_INGREDIENT", "全蝎": "DRUG_INGREDIENT", "全参": "DRUG_INGREDIENT", "全草": "DRUG_INGREDIENT", "合欢": "DRUG_INGREDIENT", "合萌": "DRUG_INGREDIENT", "守宫": "DRUG_INGREDIENT", "决明": "DRUG_INGREDIENT", "米仁": "DRUG_INGREDIENT", "羊角": "DRUG_INGREDIENT", "羊乳": "DRUG_INGREDIENT", "羊蹄": "DRUG_INGREDIENT", "灯草": "DRUG_INGREDIENT", "防己": "DRUG_INGREDIENT", "红根": "DRUG_INGREDIENT", "红粉": "DRUG_INGREDIENT", "红参": "DRUG_INGREDIENT", "红糖": "DRUG_INGREDIENT", "红藤": "DRUG_INGREDIENT", "红升": "DRUG_INGREDIENT", "豆豉": "DRUG_INGREDIENT", "麦冬": "DRUG_INGREDIENT", "麦芽": "DRUG_INGREDIENT", "赤药": "DRUG_INGREDIENT", "赤箭": "DRUG_INGREDIENT", "芫荽": "DRUG_INGREDIENT", "苁蓉": "DRUG_INGREDIENT", "芥子": "DRUG_INGREDIENT", "芜荑": "DRUG_INGREDIENT", "芹菜": "DRUG_INGREDIENT", "芦荟": "DRUG_INGREDIENT", "芦根": "DRUG_INGREDIENT", "芦丁": "DRUG_INGREDIENT", "苏子": "DRUG_INGREDIENT", "苏木": "DRUG_INGREDIENT", "苏叶": "DRUG_INGREDIENT", "杏仁": "DRUG_INGREDIENT", "杠板": "DRUG_INGREDIENT", "杜仲": "DRUG_INGREDIENT", "杜衡": "DRUG_INGREDIENT", "杜松": "DRUG_INGREDIENT", "辰砂": "DRUG_INGREDIENT", "园参": "DRUG_INGREDIENT", "旱芹": "DRUG_INGREDIENT", "旱莲": "DRUG_INGREDIENT", "岗松": "DRUG_INGREDIENT", "岗梅": "DRUG_INGREDIENT", "杜桂": "DRUG_INGREDIENT", "皂角": "DRUG_INGREDIENT", "佛手": "DRUG_INGREDIENT", "佛片": "DRUG_INGREDIENT", "条苓": "DRUG_INGREDIENT", "龟板": "DRUG_INGREDIENT", "忘忧": "DRUG_INGREDIENT", "辛夷": "DRUG_INGREDIENT", "良姜": "DRUG_INGREDIENT", "谷芽": "DRUG_INGREDIENT", "羌活": "DRUG_INGREDIENT", "远志": "DRUG_INGREDIENT", "沙棘": "DRUG_INGREDIENT", "诃子": "DRUG_INGREDIENT", "没石": "DRUG_INGREDIENT", "陆英": "DRUG_INGREDIENT", "鸡头": "DRUG_INGREDIENT", "阿魏": "DRUG_INGREDIENT", "青果": "DRUG_INGREDIENT", "青黛": "DRUG_INGREDIENT", "苦菜": "DRUG_INGREDIENT", "苦酒": "DRUG_INGREDIENT", "茄根": "DRUG_INGREDIENT", "苡仁": "DRUG_INGREDIENT", "茅莓": "DRUG_INGREDIENT", "茅根": "DRUG_INGREDIENT", "枇杷": "DRUG_INGREDIENT", "松节": "DRUG_INGREDIENT", "松音": "DRUG_INGREDIENT", "松脂": "DRUG_INGREDIENT", "松塔": "DRUG_INGREDIENT", "松醇": "DRUG_INGREDIENT", "郁金": "DRUG_INGREDIENT", "虎仗": "DRUG_INGREDIENT", "虎刺": "DRUG_INGREDIENT", "虎骨": "DRUG_INGREDIENT", "果导": "DRUG_INGREDIENT", "昆布": "DRUG_INGREDIENT", "岩陀": "DRUG_INGREDIENT", "侧柏": "DRUG_INGREDIENT", "乳香": "DRUG_INGREDIENT", "灸草": "DRUG_INGREDIENT", "佩兰": "DRUG_INGREDIENT", "狗宝": "DRUG_INGREDIENT", "迭达": "DRUG_INGREDIENT", "夜合": "DRUG_INGREDIENT", "京墨": "DRUG_INGREDIENT", "官桂": "DRUG_INGREDIENT", "空青": "DRUG_INGREDIENT", "卷柏": "DRUG_INGREDIENT", "卷丹": "DRUG_INGREDIENT", "油葱": "DRUG_INGREDIENT", "法夏": "DRUG_INGREDIENT", "泽兰": "DRUG_INGREDIENT", "泡参": "DRUG_INGREDIENT", "降香": "DRUG_INGREDIENT", "饴糖": "DRUG_INGREDIENT", "细辛": "DRUG_INGREDIENT", "玳瑁": "DRUG_INGREDIENT", "荆芥": "DRUG_INGREDIENT", "茜草": "DRUG_INGREDIENT", "荜拔": "DRUG_INGREDIENT", "草乌": "DRUG_INGREDIENT", "草果": "DRUG_INGREDIENT", "茶油": "DRUG_INGREDIENT", "茵陈": "DRUG_INGREDIENT", "茯神": "DRUG_INGREDIENT", "荠菜": "DRUG_INGREDIENT", "荠草": "DRUG_INGREDIENT", "莎草": "DRUG_INGREDIENT", "莽草": "DRUG_INGREDIENT", "药芹": "DRUG_INGREDIENT", "胡桃": "DRUG_INGREDIENT", "胡椒": "DRUG_INGREDIENT", "南星": "DRUG_INGREDIENT", "南藤": "DRUG_INGREDIENT", "枯草": "DRUG_INGREDIENT", "枯芩": "DRUG_INGREDIENT", "柳叶": "DRUG_INGREDIENT", "柳芽": "DRUG_INGREDIENT", "柳枝": "DRUG_INGREDIENT", "枳实": "DRUG_INGREDIENT", "枸杞": "DRUG_INGREDIENT", "柿蒂": "DRUG_INGREDIENT", "柿霜": "DRUG_INGREDIENT", "厚朴": "DRUG_INGREDIENT", "砂糖": "DRUG_INGREDIENT", "砒石": "DRUG_INGREDIENT", "砒霜": "DRUG_INGREDIENT", "轻粉": "DRUG_INGREDIENT", "虻虫": "DRUG_INGREDIENT", "胎盘": "DRUG_INGREDIENT", "将军": "DRUG_INGREDIENT", "钩藤": "DRUG_INGREDIENT", "钩吻": "DRUG_INGREDIENT", "香橼": "DRUG_INGREDIENT", "香嵩": "DRUG_INGREDIENT", "香茹": "DRUG_INGREDIENT", "香薷": "DRUG_INGREDIENT", "重楼": "DRUG_INGREDIENT", "胆木": "DRUG_INGREDIENT", "胆矾": "DRUG_INGREDIENT", "胆星": "DRUG_INGREDIENT", "脉通": "DRUG_INGREDIENT", "独活": "DRUG_INGREDIENT", "信石": "DRUG_INGREDIENT", "鬼珠": "DRUG_INGREDIENT", "鬼白": "DRUG_INGREDIENT", "鬼刺": "DRUG_INGREDIENT", "鬼针": "DRUG_INGREDIENT", "食盐": "DRUG_INGREDIENT", "姜黄": "DRUG_INGREDIENT", "姜汁": "DRUG_INGREDIENT", "姜皮": "DRUG_INGREDIENT", "前胡": "DRUG_INGREDIENT", "首乌": "DRUG_INGREDIENT", "洪连": "DRUG_INGREDIENT", "扁豆": "DRUG_INGREDIENT", "扁蓄": "DRUG_INGREDIENT", "扁蕾": "DRUG_INGREDIENT", "神曲": "DRUG_INGREDIENT", "蚤休": "DRUG_INGREDIENT", "贯众": "DRUG_INGREDIENT", "贯仲": "DRUG_INGREDIENT", "秦艽": "DRUG_INGREDIENT", "秦皮": "DRUG_INGREDIENT", "莲肉": "DRUG_INGREDIENT", "莲房": "DRUG_INGREDIENT", "莲芯": "DRUG_INGREDIENT", "莪术": "DRUG_INGREDIENT", "荷叶": "DRUG_INGREDIENT", "荷蒂": "DRUG_INGREDIENT", "荷梗": "DRUG_INGREDIENT", "桂心": "DRUG_INGREDIENT", "荸荠": "DRUG_INGREDIENT", "恶实": "DRUG_INGREDIENT", "桔梗": "DRUG_INGREDIENT", "桃汁": "DRUG_INGREDIENT", "盐蛇": "DRUG_INGREDIENT", "崖香": "DRUG_INGREDIENT", "蚌花": "DRUG_INGREDIENT", "铁屑": "DRUG_INGREDIENT", "铝丹": "DRUG_INGREDIENT", "蚕砂": "DRUG_INGREDIENT", "射干": "DRUG_INGREDIENT", "豹骨": "DRUG_INGREDIENT", "狼毒": "DRUG_INGREDIENT", "拳参": "DRUG_INGREDIENT", "益智": "DRUG_INGREDIENT", "海马": "DRUG_INGREDIENT", "海龙": "DRUG_INGREDIENT", "海芋": "DRUG_INGREDIENT", "海蛰": "DRUG_INGREDIENT", "浮石": "DRUG_INGREDIENT", "浮萍": "DRUG_INGREDIENT", "通天": "DRUG_INGREDIENT", "通草": "DRUG_INGREDIENT", "桑叶": "DRUG_INGREDIENT", "桑枝": "DRUG_INGREDIENT", "桑皮": "DRUG_INGREDIENT", "桑椹": "DRUG_INGREDIENT", "黄栌": "DRUG_INGREDIENT", "黄藤": "DRUG_INGREDIENT", "黄丹": "DRUG_INGREDIENT", "黄独": "DRUG_INGREDIENT", "黄杞": "DRUG_INGREDIENT", "黄宣": "DRUG_INGREDIENT", "黄蜡": "DRUG_INGREDIENT", "黄蘖": "DRUG_INGREDIENT", "菱角": "DRUG_INGREDIENT", "菖蒲": "DRUG_INGREDIENT", "菊苣": "DRUG_INGREDIENT", "营实": "DRUG_INGREDIENT", "萝卜": "DRUG_INGREDIENT", "菘蓝": "DRUG_INGREDIENT", "梅花": "DRUG_INGREDIENT", "梅仁": "DRUG_INGREDIENT", "梅片": "DRUG_INGREDIENT", "雪胆": "DRUG_INGREDIENT", "常山": "DRUG_INGREDIENT", "野姜": "DRUG_INGREDIENT", "野艾": "DRUG_INGREDIENT", "野菊": "DRUG_INGREDIENT", "野菱": "DRUG_INGREDIENT", "蛇肉": "DRUG_INGREDIENT", "蛇蜕": "DRUG_INGREDIENT", "蛇莓": "DRUG_INGREDIENT", "蚯蚓": "DRUG_INGREDIENT", "银杏": "DRUG_INGREDIENT", "银耳": "DRUG_INGREDIENT", "银花": "DRUG_INGREDIENT", "银翘": "DRUG_INGREDIENT", "猪苓": "DRUG_INGREDIENT", "兜铃": "DRUG_INGREDIENT", "麻油": "DRUG_INGREDIENT", "麻黄": "DRUG_INGREDIENT", "麻仁": "DRUG_INGREDIENT", "鹿角": "DRUG_INGREDIENT", "商陆": "DRUG_INGREDIENT", "商枝": "DRUG_INGREDIENT", "绥草": "DRUG_INGREDIENT", "缘豆": "DRUG_INGREDIENT", "斑蛰": "DRUG_INGREDIENT", "斑蟊": "DRUG_INGREDIENT", "葫芦": "DRUG_INGREDIENT", "葱白": "DRUG_INGREDIENT", "葛根": "DRUG_INGREDIENT", "葛花": "DRUG_INGREDIENT", "落葵": "DRUG_INGREDIENT", "栗壳": "DRUG_INGREDIENT", "硫磺": "DRUG_INGREDIENT", "雄黄": "DRUG_INGREDIENT", "喜树": "DRUG_INGREDIENT", "椒目": "DRUG_INGREDIENT", "棕板": "DRUG_INGREDIENT", "掌参": "DRUG_INGREDIENT", "紫苏": "DRUG_INGREDIENT", "紫萍": "DRUG_INGREDIENT", "紫芝": "DRUG_INGREDIENT", "紫苑": "DRUG_INGREDIENT", "紫株": "DRUG_INGREDIENT", "紫绀": "DRUG_INGREDIENT", "紫葳": "DRUG_INGREDIENT", "蛤壳": "DRUG_INGREDIENT", "黑丑": "DRUG_INGREDIENT", "黑锡": "DRUG_INGREDIENT", "黑钻": "DRUG_INGREDIENT", "黑菜": "DRUG_INGREDIENT", "象贝": "DRUG_INGREDIENT", "奥尕": "DRUG_INGREDIENT", "猴头": "DRUG_INGREDIENT", "滑石": "DRUG_INGREDIENT", "寒水": "DRUG_INGREDIENT", "童便": "DRUG_INGREDIENT", "犀角": "DRUG_INGREDIENT", "蒲芹": "DRUG_INGREDIENT", "椿皮": "DRUG_INGREDIENT", "槐米": "DRUG_INGREDIENT", "槐实": "DRUG_INGREDIENT", "槐角": "DRUG_INGREDIENT", "硼砂": "DRUG_INGREDIENT", "雷丸": "DRUG_INGREDIENT", "蜀椒": "DRUG_INGREDIENT", "蜂房": "DRUG_INGREDIENT", "蜂蜡": "DRUG_INGREDIENT", "腰黄": "DRUG_INGREDIENT", "锦纹": "DRUG_INGREDIENT", "腹皮": "DRUG_INGREDIENT", "榧子": "DRUG_INGREDIENT", "槟榔": "DRUG_INGREDIENT", "酸浆": "DRUG_INGREDIENT", "酸模": "DRUG_INGREDIENT", "碱花": "DRUG_INGREDIENT", "磁石": "DRUG_INGREDIENT", "豆姜": "DRUG_INGREDIENT", "蝉衣": "DRUG_INGREDIENT", "熊胆": "DRUG_INGREDIENT", "辣蓼": "DRUG_INGREDIENT", "赭石": "DRUG_INGREDIENT", "蕤仁": "DRUG_INGREDIENT", "蕲蛇": "DRUG_INGREDIENT", "樟脑": "DRUG_INGREDIENT", "稻芽": "DRUG_INGREDIENT", "僵蚕": "DRUG_INGREDIENT", "蝼蛄": "DRUG_INGREDIENT", "鲤鱼": "DRUG_INGREDIENT", "熟地": "DRUG_INGREDIENT", "漏芦": "DRUG_INGREDIENT", "鹤虱": "DRUG_INGREDIENT", "薤白": "DRUG_INGREDIENT", "薯莨": "DRUG_INGREDIENT", "薄荷": "DRUG_INGREDIENT", "橘白": "DRUG_INGREDIENT", "橘皮": "DRUG_INGREDIENT", "橘红": "DRUG_INGREDIENT", "橘核": "DRUG_INGREDIENT", "燕窝": "DRUG_INGREDIENT", "靛蓝": "DRUG_INGREDIENT", "糙苏": "DRUG_INGREDIENT", "鲮鲤": "DRUG_INGREDIENT", "壁虎": "DRUG_INGREDIENT", "檀香": "DRUG_INGREDIENT", "蒿本": "DRUG_INGREDIENT", "爵床": "DRUG_INGREDIENT", "藕节": "DRUG_INGREDIENT", "礞石": "DRUG_INGREDIENT", "瞿麦": "DRUG_INGREDIENT", "蘑菇": "DRUG_INGREDIENT", "蟾酥": "DRUG_INGREDIENT", "麝香": "DRUG_INGREDIENT", "一见喜": "DRUG_INGREDIENT", "一见消": "DRUG_INGREDIENT", "一点红": "DRUG_INGREDIENT", "一枝香": "DRUG_INGREDIENT", "一叶萩": "DRUG_INGREDIENT", "一条鞭": "DRUG_INGREDIENT", "二叶律": "DRUG_INGREDIENT", "丁子香": "DRUG_INGREDIENT", "丁公藤": "DRUG_INGREDIENT", "七星草": "DRUG_INGREDIENT", "七叶莲": "DRUG_INGREDIENT", "人中白": "DRUG_INGREDIENT", "八月札": "DRUG_INGREDIENT", "八角枫": "DRUG_INGREDIENT", "八角莲": "DRUG_INGREDIENT", "八厘麻": "DRUG_INGREDIENT", "九里明": "DRUG_INGREDIENT", "九里香": "DRUG_INGREDIENT", "九龙根": "DRUG_INGREDIENT", "九节茶": "DRUG_INGREDIENT", "九香虫": "DRUG_INGREDIENT", "了哥王": "DRUG_INGREDIENT", "刀伤木": "DRUG_INGREDIENT", "三七草": "DRUG_INGREDIENT", "三叉苦": "DRUG_INGREDIENT", "三分三": "DRUG_INGREDIENT", "三白草": "DRUG_INGREDIENT", "三枝枪": "DRUG_INGREDIENT", "三角草": "DRUG_INGREDIENT", "三颗针": "DRUG_INGREDIENT", "干石斛": "DRUG_INGREDIENT", "土木香": "DRUG_INGREDIENT", "土贝母": "DRUG_INGREDIENT", "土三七": "DRUG_INGREDIENT", "土当归": "DRUG_INGREDIENT", "土荆皮": "DRUG_INGREDIENT", "土党参": "DRUG_INGREDIENT", "土大黄": "DRUG_INGREDIENT", "土牛膝": "DRUG_INGREDIENT", "土人参": "DRUG_INGREDIENT", "土木鳖": "DRUG_INGREDIENT", "土槿皮": "DRUG_INGREDIENT", "土鳖虫": "DRUG_INGREDIENT", "大头陈": "DRUG_INGREDIENT", "大血藤": "DRUG_INGREDIENT", "大红袍": "DRUG_INGREDIENT", "大青叶": "DRUG_INGREDIENT", "大青盐": "DRUG_INGREDIENT", "大力参": "DRUG_INGREDIENT", "大力子": "DRUG_INGREDIENT", "大风子": "DRUG_INGREDIENT", "大贝母": "DRUG_INGREDIENT", "大飞扬": "DRUG_INGREDIENT", "大马勃": "DRUG_INGREDIENT", "大黄炭": "DRUG_INGREDIENT", "大洞果": "DRUG_INGREDIENT", "大茶药": "DRUG_INGREDIENT", "大茴香": "DRUG_INGREDIENT", "大豆卷": "DRUG_INGREDIENT", "大麻仁": "DRUG_INGREDIENT", "大蓟炭": "DRUG_INGREDIENT", "大腹皮": "DRUG_INGREDIENT", "大紫草": "DRUG_INGREDIENT", "山栀皮": "DRUG_INGREDIENT", "山栀茶": "DRUG_INGREDIENT", "山羊角": "DRUG_INGREDIENT", "山豆根": "DRUG_INGREDIENT", "山梗菜": "DRUG_INGREDIENT", "山龙眼": "DRUG_INGREDIENT", "山芝麻": "DRUG_INGREDIENT", "山萸肉": "DRUG_INGREDIENT", "山沉香": "DRUG_INGREDIENT", "山崩子": "DRUG_INGREDIENT", "山指甲": "DRUG_INGREDIENT", "山慈姑": "DRUG_INGREDIENT", "山道年": "DRUG_INGREDIENT", "山鸡椒": "DRUG_INGREDIENT", "山苍子": "DRUG_INGREDIENT", "山海螺": "DRUG_INGREDIENT", "千日红": "DRUG_INGREDIENT", "千斤拨": "DRUG_INGREDIENT", "千年健": "DRUG_INGREDIENT", "千里光": "DRUG_INGREDIENT", "千里明": "DRUG_INGREDIENT", "千金正": "DRUG_INGREDIENT", "千屈荣": "DRUG_INGREDIENT", "千里及": "DRUG_INGREDIENT", "千张纸": "DRUG_INGREDIENT", "千层塔": "DRUG_INGREDIENT", "川木香": "DRUG_INGREDIENT", "川贝母": "DRUG_INGREDIENT", "川白芷": "DRUG_INGREDIENT", "川桐皮": "DRUG_INGREDIENT", "川楝子": "DRUG_INGREDIENT", "川山甲": "DRUG_INGREDIENT", "川槿皮": "DRUG_INGREDIENT", "川郁金": "DRUG_INGREDIENT", "广郁金": "DRUG_INGREDIENT", "广地龙": "DRUG_INGREDIENT", "广木香": "DRUG_INGREDIENT", "广地丁": "DRUG_INGREDIENT", "广防己": "DRUG_INGREDIENT", "广藿香": "DRUG_INGREDIENT", "女儿香": "DRUG_INGREDIENT", "飞刀剑": "DRUG_INGREDIENT", "飞扬草": "DRUG_INGREDIENT", "飞滑石": "DRUG_INGREDIENT", "小飞扬": "DRUG_INGREDIENT", "小蓟炭": "DRUG_INGREDIENT", "小百科": "DRUG_INGREDIENT", "小石韦": "DRUG_INGREDIENT", "小红莲": "DRUG_INGREDIENT", "小红参": "DRUG_INGREDIENT", "小胡麻": "DRUG_INGREDIENT", "小兰花": "DRUG_INGREDIENT", "小驳骨": "DRUG_INGREDIENT", "小叶朴": "DRUG_INGREDIENT", "小青皮": "DRUG_INGREDIENT", "小通草": "DRUG_INGREDIENT", "小黄药": "DRUG_INGREDIENT", "万年青": "DRUG_INGREDIENT", "马蹄金": "DRUG_INGREDIENT", "马齿苋": "DRUG_INGREDIENT", "马前子": "DRUG_INGREDIENT", "马尾莲": "DRUG_INGREDIENT", "马利筋": "DRUG_INGREDIENT", "马兰头": "DRUG_INGREDIENT", "马兰草": "DRUG_INGREDIENT", "马牙硝": "DRUG_INGREDIENT", "马尿泡": "DRUG_INGREDIENT", "马兜铃": "DRUG_INGREDIENT", "马缨花": "DRUG_INGREDIENT", "马槟榔": "DRUG_INGREDIENT", "马鞭草": "DRUG_INGREDIENT", "也白头": "DRUG_INGREDIENT", "天冬草": "DRUG_INGREDIENT", "天花粉": "DRUG_INGREDIENT", "天竹子": "DRUG_INGREDIENT", "天竺黄": "DRUG_INGREDIENT", "天竹根": "DRUG_INGREDIENT", "天南星": "DRUG_INGREDIENT", "天门冬": "DRUG_INGREDIENT", "天浆壳": "DRUG_INGREDIENT", "天葵子": "DRUG_INGREDIENT", "元明粉": "DRUG_INGREDIENT", "元宝草": "DRUG_INGREDIENT", "开金锁": "DRUG_INGREDIENT", "云母石": "DRUG_INGREDIENT", "云木香": "DRUG_INGREDIENT", "云实皮": "DRUG_INGREDIENT", "木棉花": "DRUG_INGREDIENT", "木腰子": "DRUG_INGREDIENT", "木槿花": "DRUG_INGREDIENT", "木蝴蝶": "DRUG_INGREDIENT", "木芙蓉": "DRUG_INGREDIENT", "木藤蓼": "DRUG_INGREDIENT", "木鳖子": "DRUG_INGREDIENT", "木防己": "DRUG_INGREDIENT", "木笔花": "DRUG_INGREDIENT", "木贼花": "DRUG_INGREDIENT", "木菠萝": "DRUG_INGREDIENT", "木灵芝": "DRUG_INGREDIENT", "木姜子": "DRUG_INGREDIENT", "木患子": "DRUG_INGREDIENT", "太子参": "DRUG_INGREDIENT", "太阳花": "DRUG_INGREDIENT", "五加皮": "DRUG_INGREDIENT", "五灵脂": "DRUG_INGREDIENT", "五指柑": "DRUG_INGREDIENT", "五倍子": "DRUG_INGREDIENT", "五眼果": "DRUG_INGREDIENT", "五敛子": "DRUG_INGREDIENT", "扎蓬果": "DRUG_INGREDIENT", "支柱蓼": "DRUG_INGREDIENT", "无漏子": "DRUG_INGREDIENT", "无名子": "DRUG_INGREDIENT", "无名异": "DRUG_INGREDIENT", "无患子": "DRUG_INGREDIENT", "车前子": "DRUG_INGREDIENT", "瓦楞子": "DRUG_INGREDIENT", "瓦垄子": "DRUG_INGREDIENT", "瓦挖草": "DRUG_INGREDIENT", "贝母花": "DRUG_INGREDIENT", "丹皮炭": "DRUG_INGREDIENT", "丹皮酚": "DRUG_INGREDIENT", "公丁香": "DRUG_INGREDIENT", "牛大力": "DRUG_INGREDIENT", "牛西西": "DRUG_INGREDIENT", "牛蒡子": "DRUG_INGREDIENT", "书带草": "DRUG_INGREDIENT", "毛诃子": "DRUG_INGREDIENT", "月季花": "DRUG_INGREDIENT", "月月花": "DRUG_INGREDIENT", "风茄花": "DRUG_INGREDIENT", "风化硝": "DRUG_INGREDIENT", "风仙花": "DRUG_INGREDIENT", "凤凰衣": "DRUG_INGREDIENT", "凤尾草": "DRUG_INGREDIENT", "乌头碱": "DRUG_INGREDIENT", "乌贼骨": "DRUG_INGREDIENT", "乌梢蛇": "DRUG_INGREDIENT", "乌蔹莓": "DRUG_INGREDIENT", "六和曲": "DRUG_INGREDIENT", "六月雪": "DRUG_INGREDIENT", "文旦皮": "DRUG_INGREDIENT", "文冠木": "DRUG_INGREDIENT", "火炭母": "DRUG_INGREDIENT", "火麻仁": "DRUG_INGREDIENT", "双蝴蝶": "DRUG_INGREDIENT", "水安息": "DRUG_INGREDIENT", "水花生": "DRUG_INGREDIENT", "水车前": "DRUG_INGREDIENT", "水龙骨": "DRUG_INGREDIENT", "水牛角": "DRUG_INGREDIENT", "水半夏": "DRUG_INGREDIENT", "水扬梅": "DRUG_INGREDIENT", "水蜈蚣": "DRUG_INGREDIENT", "水蔓菁": "DRUG_INGREDIENT", "巴豆霜": "DRUG_INGREDIENT", "玉米须": "DRUG_INGREDIENT", "甘草节": "DRUG_INGREDIENT", "甘草稍": "DRUG_INGREDIENT", "甘露子": "DRUG_INGREDIENT", "甘松香": "DRUG_INGREDIENT", "古山龙": "DRUG_INGREDIENT", "石灰华": "DRUG_INGREDIENT", "石见穿": "DRUG_INGREDIENT", "石吊兰": "DRUG_INGREDIENT", "石龙芮": "DRUG_INGREDIENT", "石钻子": "DRUG_INGREDIENT", "石菖蒲": "DRUG_INGREDIENT", "石椒草": "DRUG_INGREDIENT", "石楠叶": "DRUG_INGREDIENT", "石榴子": "DRUG_INGREDIENT", "石榴皮": "DRUG_INGREDIENT", "石硫磺": "DRUG_INGREDIENT", "石钟乳": "DRUG_INGREDIENT", "石荷叶": "DRUG_INGREDIENT", "石莲子": "DRUG_INGREDIENT", "石胡莩": "DRUG_INGREDIENT", "石花菜": "DRUG_INGREDIENT", "布渣叶": "DRUG_INGREDIENT", "龙胆草": "DRUG_INGREDIENT", "龙眼肉": "DRUG_INGREDIENT", "龙利叶": "DRUG_INGREDIENT", "龙牙草": "DRUG_INGREDIENT", "龙脑香": "DRUG_INGREDIENT", "平贝母": "DRUG_INGREDIENT", "平地木": "DRUG_INGREDIENT", "北豆根": "DRUG_INGREDIENT", "北玄参": "DRUG_INGREDIENT", "北沙参": "DRUG_INGREDIENT", "北柴胡": "DRUG_INGREDIENT", "北野菊": "DRUG_INGREDIENT", "叶上珠": "DRUG_INGREDIENT", "叶底珠": "DRUG_INGREDIENT", "四方藤": "DRUG_INGREDIENT", "四叶参": "DRUG_INGREDIENT", "四季青": "DRUG_INGREDIENT", "四方草": "DRUG_INGREDIENT", "田三七": "DRUG_INGREDIENT", "田基黄": "DRUG_INGREDIENT", "田字草": "DRUG_INGREDIENT", "甲鱼骨": "DRUG_INGREDIENT", "生姜皮": "DRUG_INGREDIENT", "生晒参": "DRUG_INGREDIENT", "生石膏": "DRUG_INGREDIENT", "生地黄": "DRUG_INGREDIENT", "生卷柏": "DRUG_INGREDIENT", "生谷芽": "DRUG_INGREDIENT", "代代花": "DRUG_INGREDIENT", "代赭石": "DRUG_INGREDIENT", "仙人掌": "DRUG_INGREDIENT", "仙灵脾": "DRUG_INGREDIENT", "仙遗粮": "DRUG_INGREDIENT", "仙半夏": "DRUG_INGREDIENT", "仙桃草": "DRUG_INGREDIENT", "过路黄": "DRUG_INGREDIENT", "白头须": "DRUG_INGREDIENT", "白头翁": "DRUG_INGREDIENT", "白芥子": "DRUG_INGREDIENT", "白附子": "DRUG_INGREDIENT", "白兔根": "DRUG_INGREDIENT", "白屈菜": "DRUG_INGREDIENT", "白茯苓": "DRUG_INGREDIENT", "白药子": "DRUG_INGREDIENT", "白首乌": "DRUG_INGREDIENT", "白扁豆": "DRUG_INGREDIENT", "白鲜皮": "DRUG_INGREDIENT", "白蔻仁": "DRUG_INGREDIENT", "白贝齿": "DRUG_INGREDIENT", "白背叶": "DRUG_INGREDIENT", "白花蛇": "DRUG_INGREDIENT", "白茅花": "DRUG_INGREDIENT", "白胶木": "DRUG_INGREDIENT", "白胶香": "DRUG_INGREDIENT", "白商陆": "DRUG_INGREDIENT", "白菊花": "DRUG_INGREDIENT", "白石英": "DRUG_INGREDIENT", "白雷丸": "DRUG_INGREDIENT", "白河车": "DRUG_INGREDIENT", "白马骨": "DRUG_INGREDIENT", "白平子": "DRUG_INGREDIENT", "白胡椒": "DRUG_INGREDIENT", "白茄根": "DRUG_INGREDIENT", "白木耳": "DRUG_INGREDIENT", "白豆蔻": "DRUG_INGREDIENT", "白蒺藜": "DRUG_INGREDIENT", "白僵蚕": "DRUG_INGREDIENT", "鸟不宿": "DRUG_INGREDIENT", "瓜萎仁": "DRUG_INGREDIENT", "瓜萎子": "DRUG_INGREDIENT", "瓜萎根": "DRUG_INGREDIENT", "瓜子金": "DRUG_INGREDIENT", "瓜菜仁": "DRUG_INGREDIENT", "瓜姜皮": "DRUG_INGREDIENT", "冬葵子": "DRUG_INGREDIENT", "冬虫草": "DRUG_INGREDIENT", "冬瓜皮": "DRUG_INGREDIENT", "冬瓜仁": "DRUG_INGREDIENT", "冬凌草": "DRUG_INGREDIENT", "冬葵果": "DRUG_INGREDIENT", "玄明粉": "DRUG_INGREDIENT", "玄胡索": "DRUG_INGREDIENT", "半夏曲": "DRUG_INGREDIENT", "半枝莲": "DRUG_INGREDIENT", "半边旗": "DRUG_INGREDIENT", "半枫荷": "DRUG_INGREDIENT", "半边莲": "DRUG_INGREDIENT", "半天雷": "DRUG_INGREDIENT", "汉肌松": "DRUG_INGREDIENT", "汉宫秋": "DRUG_INGREDIENT", "汉桃叶": "DRUG_INGREDIENT", "对座草": "DRUG_INGREDIENT", "母丁香": "DRUG_INGREDIENT", "台乌药": "DRUG_INGREDIENT", "丝瓜络": "DRUG_INGREDIENT", "丝瓜藤": "DRUG_INGREDIENT", "老少年": "DRUG_INGREDIENT", "老勿大": "DRUG_INGREDIENT", "老鹳草": "DRUG_INGREDIENT", "老鹳嘴": "DRUG_INGREDIENT", "老鸦瓣": "DRUG_INGREDIENT", "吉祥草": "DRUG_INGREDIENT", "亚麻子": "DRUG_INGREDIENT", "亚乎奴": "DRUG_INGREDIENT", "亚吉玛": "DRUG_INGREDIENT", "地锦草": "DRUG_INGREDIENT", "地骨皮": "DRUG_INGREDIENT", "地鳖虫": "DRUG_INGREDIENT", "地耳草": "DRUG_INGREDIENT", "地龙炭": "DRUG_INGREDIENT", "地枫皮": "DRUG_INGREDIENT", "地胆草": "DRUG_INGREDIENT", "地栗粉": "DRUG_INGREDIENT", "扦扦活": "DRUG_INGREDIENT", "托盘根": "DRUG_INGREDIENT", "西瓜皮": "DRUG_INGREDIENT", "西洋参": "DRUG_INGREDIENT", "西河柳": "DRUG_INGREDIENT", "百两金": "DRUG_INGREDIENT", "百里霜": "DRUG_INGREDIENT", "百芯草": "DRUG_INGREDIENT", "百药煎": "DRUG_INGREDIENT", "百草霜": "DRUG_INGREDIENT", "光慈姑": "DRUG_INGREDIENT", "当门子": "DRUG_INGREDIENT", "当归尾": "DRUG_INGREDIENT", "当归身": "DRUG_INGREDIENT", "虫百腊": "DRUG_INGREDIENT", "吕宋果": "DRUG_INGREDIENT", "回回来": "DRUG_INGREDIENT", "肉豆末": "DRUG_INGREDIENT", "旱莲草": "DRUG_INGREDIENT", "肉豆蔻": "DRUG_INGREDIENT", "丢了棒": "DRUG_INGREDIENT", "自然铜": "DRUG_INGREDIENT", "血余炭": "DRUG_INGREDIENT", "合欢皮": "DRUG_INGREDIENT", "决明子": "DRUG_INGREDIENT", "灯芯草": "DRUG_INGREDIENT", "安息香": "DRUG_INGREDIENT", "农吉利": "DRUG_INGREDIENT", "阳起石": "DRUG_INGREDIENT", "麦门冬": "DRUG_INGREDIENT", "赤小豆": "DRUG_INGREDIENT", "赤石脂": "DRUG_INGREDIENT", "芸香草": "DRUG_INGREDIENT", "苣英菜": "DRUG_INGREDIENT", "花蕊石": "DRUG_INGREDIENT", "苍耳子": "DRUG_INGREDIENT", "苏合香": "DRUG_INGREDIENT", "何首乌": "DRUG_INGREDIENT", "皂角刺": "DRUG_INGREDIENT", "余甘子": "DRUG_INGREDIENT", "谷精草": "DRUG_INGREDIENT", "龟板胶": "DRUG_INGREDIENT", "辛夷花": "DRUG_INGREDIENT", "连钱草": "DRUG_INGREDIENT", "灶心土": "DRUG_INGREDIENT", "鸡内金": "DRUG_INGREDIENT", "鸡冠花": "DRUG_INGREDIENT", "鸡骨草": "DRUG_INGREDIENT", "青箱子": "DRUG_INGREDIENT", "苦瓜干": "DRUG_INGREDIENT", "苦楝皮": "DRUG_INGREDIENT", "枇杷叶": "DRUG_INGREDIENT", "板栗壳": "DRUG_INGREDIENT", "板兰根": "DRUG_INGREDIENT", "松节油": "DRUG_INGREDIENT", "刺五加": "DRUG_INGREDIENT", "郁李仁": "DRUG_INGREDIENT", "罗汉果": "DRUG_INGREDIENT", "败酱草": "DRUG_INGREDIENT", "垂盆草": "DRUG_INGREDIENT", "使君子": "DRUG_INGREDIENT", "金沙藤": "DRUG_INGREDIENT", "金钱草": "DRUG_INGREDIENT", "金银花": "DRUG_INGREDIENT", "金樱子": "DRUG_INGREDIENT", "长春花": "DRUG_INGREDIENT", "鱼腥草": "DRUG_INGREDIENT", "狗肝菜": "DRUG_INGREDIENT", "闹羊花": "DRUG_INGREDIENT", "炉甘石": "DRUG_INGREDIENT", "茯苓皮": "DRUG_INGREDIENT", "茺蔚子": "DRUG_INGREDIENT", "荔枝核": "DRUG_INGREDIENT", "柏子仁": "DRUG_INGREDIENT", "威灵仙": "DRUG_INGREDIENT", "牵牛子": "DRUG_INGREDIENT", "鸦胆子": "DRUG_INGREDIENT", "骨碎补": "DRUG_INGREDIENT", "钟乳石": "DRUG_INGREDIENT", "禹余粮": "DRUG_INGREDIENT", "急性子": "DRUG_INGREDIENT", "穿山甲": "DRUG_INGREDIENT", "穿破石": "DRUG_INGREDIENT", "孩儿参": "DRUG_INGREDIENT", "络石藤": "DRUG_INGREDIENT", "素馨花": "DRUG_INGREDIENT", "莱菔子": "DRUG_INGREDIENT", "莲子心": "DRUG_INGREDIENT", "核桃仁": "DRUG_INGREDIENT", "夏天无": "DRUG_INGREDIENT", "夏枯草": "DRUG_INGREDIENT", "鸭跖草": "DRUG_INGREDIENT", "倒扣草": "DRUG_INGREDIENT", "徐长卿": "DRUG_INGREDIENT", "凌霄花": "DRUG_INGREDIENT", "宽筋藤": "DRUG_INGREDIENT", "高良姜": "DRUG_INGREDIENT", "益智仁": "DRUG_INGREDIENT", "海风藤": "DRUG_INGREDIENT", "海金沙": "DRUG_INGREDIENT", "海螵蛸": "DRUG_INGREDIENT", "羚羊角": "DRUG_INGREDIENT", "救必应": "DRUG_INGREDIENT", "野菊花": "DRUG_INGREDIENT", "蛇胆汁": "DRUG_INGREDIENT", "猫爪草": "DRUG_INGREDIENT", "鹿衔草": "DRUG_INGREDIENT", "旋复花": "DRUG_INGREDIENT", "淮山药": "DRUG_INGREDIENT", "淡豆豉": "DRUG_INGREDIENT", "密蒙花": "DRUG_INGREDIENT", "款冬花": "DRUG_INGREDIENT", "葫芦茶": "DRUG_INGREDIENT", "葶苈子": "DRUG_INGREDIENT", "番泻叶": "DRUG_INGREDIENT", "寒水石": "DRUG_INGREDIENT", "腊梅花": "DRUG_INGREDIENT", "蓖麻子": "DRUG_INGREDIENT", "鼠曲草": "DRUG_INGREDIENT", "蔓荆子": "DRUG_INGREDIENT", "罂粟壳": "DRUG_INGREDIENT", "薄荷油": "DRUG_INGREDIENT", "颠茄草": "DRUG_INGREDIENT", "蟛蜞菊": "DRUG_INGREDIENT", "糯稻根": "DRUG_INGREDIENT", "鹰不泊": "DRUG_INGREDIENT", "灰兜巴": "DRUG_INGREDIENT", "十大功劳": "DRUG_INGREDIENT", "王不留行": "DRUG_INGREDIENT", "冬虫夏草": "DRUG_INGREDIENT", "五指毛桃": "DRUG_INGREDIENT", "罗布麻叶": "DRUG_INGREDIENT", "臭梧桐叶": "DRUG_INGREDIENT", "紫花杜鹃": "DRUG_INGREDIENT", "紫背天葵": "DRUG_INGREDIENT", "鹅不食草": "DRUG_INGREDIENT"}