{"胶囊剂": "DRUG_DOSAGE", "胶囊": "DRUG_DOSAGE", "片剂": "DRUG_DOSAGE", "糖衣": "DRUG_DOSAGE", "薄膜衣": "DRUG_DOSAGE", "水丸": "DRUG_DOSAGE", "丸剂": "DRUG_DOSAGE", "浓缩水蜜丸": "DRUG_DOSAGE", "薄膜衣片": "DRUG_DOSAGE", "大蜜丸": "DRUG_DOSAGE", "颗粒": "DRUG_DOSAGE", "粉末": "DRUG_DOSAGE", "硬胶囊": "DRUG_DOSAGE", "糖衣片": "DRUG_DOSAGE", "液体": "DRUG_DOSAGE", "素丸": "DRUG_DOSAGE", "包衣丸": "DRUG_DOSAGE", "小丸粒": "DRUG_DOSAGE", "水蜜丸": "DRUG_DOSAGE", "小蜜丸": "DRUG_DOSAGE", "棕褐色": "DRUG_DOSAGE", "栓剂": "DRUG_DOSAGE", "软膏": "DRUG_DOSAGE", "片": "DRUG_DOSAGE", "胶囊剂型": "DRUG_DOSAGE", "浓缩丸": "DRUG_DOSAGE", "水密丸": "DRUG_DOSAGE", "长方形块": "DRUG_DOSAGE", "棕色至黑褐色": "DRUG_DOSAGE", "口服液": "DRUG_DOSAGE", "颗粒剂": "DRUG_DOSAGE", "硬胶囊剂": "DRUG_DOSAGE", "薄膜衣丸": "DRUG_DOSAGE", "苦参粉胶囊": "DRUG_DOSAGE", "半流体": "DRUG_DOSAGE", "糊丸": "DRUG_DOSAGE", "凝胶": "DRUG_DOSAGE", "小糊丸": "DRUG_DOSAGE", "慈航片": "DRUG_DOSAGE", "浓缩水丸": "DRUG_DOSAGE", "乳膏": "DRUG_DOSAGE", "滴丸": "DRUG_DOSAGE", "橡皮膏": "DRUG_DOSAGE", "白带丸": "DRUG_DOSAGE", "软胶囊": "DRUG_DOSAGE", "橡胶膏": "DRUG_DOSAGE", "稠膏": "DRUG_DOSAGE", "泡腾": "DRUG_DOSAGE", "囊剂": "DRUG_DOSAGE", "悬液": "DRUG_DOSAGE", "色糖衣片": "DRUG_DOSAGE", "细粉": "DRUG_DOSAGE", "赖粒": "DRUG_DOSAGE", "粉未": "DRUG_DOSAGE", "块状物": "DRUG_DOSAGE", "包衣浓缩丸": "DRUG_DOSAGE", "糖衣浓缩丸": "DRUG_DOSAGE", "泡腾片": "DRUG_DOSAGE", "素片": "DRUG_DOSAGE", "冲服剂": "DRUG_DOSAGE", "鱼雷形栓剂": "DRUG_DOSAGE", "粗粉": "DRUG_DOSAGE", "合剂": "DRUG_DOSAGE", "方剂": "DRUG_DOSAGE", "包糖衣": "DRUG_DOSAGE", "水蜜": "DRUG_DOSAGE", "黑褐色至黑色": "DRUG_DOSAGE", "水泛丸": "DRUG_DOSAGE", "蜜丸": "DRUG_DOSAGE", "肠溶片": "DRUG_DOSAGE", "包衣片": "DRUG_DOSAGE", "浸膏片": "DRUG_DOSAGE", "分散片": "DRUG_DOSAGE", "吸吮片": "DRUG_DOSAGE", "咀嚼片": "DRUG_DOSAGE", "划痕片": "DRUG_DOSAGE", "缓释控释剂型 缓释片": "DRUG_DOSAGE", "缓释包衣片": "DRUG_DOSAGE", "控释片口腔崩解片": "DRUG_DOSAGE", "含片": "DRUG_DOSAGE", "口腔贴片": "DRUG_DOSAGE", "舌下片合并": "DRUG_DOSAGE", "": "DRUG_DOSAGE", "软胶囊（胶丸）": "DRUG_DOSAGE", "肠溶胶囊 缓释胶囊": "DRUG_DOSAGE", "控释胶囊": "DRUG_DOSAGE", "口服溶液剂": "DRUG_DOSAGE", "糖浆剂": "DRUG_DOSAGE", "口服混悬剂": "DRUG_DOSAGE", "口服乳剂": "DRUG_DOSAGE", "胶浆剂": "DRUG_DOSAGE", "口服乳液": "DRUG_DOSAGE", "乳剂": "DRUG_DOSAGE", "胶体溶液": "DRUG_DOSAGE", "露剂": "DRUG_DOSAGE", "内服酊剂": "DRUG_DOSAGE", "滴剂": "DRUG_DOSAGE", "混悬滴剂": "DRUG_DOSAGE", "微丸": "DRUG_DOSAGE", "蜡丸": "DRUG_DOSAGE", "口服丸剂": "DRUG_DOSAGE", "肠溶颗粒剂": "DRUG_DOSAGE", "缓释颗粒剂": "DRUG_DOSAGE", "细粒剂": "DRUG_DOSAGE", "茶剂": "DRUG_DOSAGE", "混悬颗粒剂": "DRUG_DOSAGE", "泡腾颗粒剂": "DRUG_DOSAGE", "口服颗粒剂": "DRUG_DOSAGE", "散剂": "DRUG_DOSAGE", "药粉": "DRUG_DOSAGE", "粉剂": "DRUG_DOSAGE", "干混悬剂": "DRUG_DOSAGE", "口服散剂": "DRUG_DOSAGE", "外用溶液剂": "DRUG_DOSAGE", "洗剂": "DRUG_DOSAGE", "冲洗剂": "DRUG_DOSAGE", "漱口剂": "DRUG_DOSAGE", "含漱液": "DRUG_DOSAGE", "搽剂": "DRUG_DOSAGE", "涂膜剂酊剂": "DRUG_DOSAGE", "油剂": "DRUG_DOSAGE", "外用混悬剂": "DRUG_DOSAGE", "外用酒剂": "DRUG_DOSAGE", "外用酊剂": "DRUG_DOSAGE", "灌肠剂；泡沫剂；胶浆剂（外用）": "DRUG_DOSAGE", "软膏剂": "DRUG_DOSAGE", "乳膏剂": "DRUG_DOSAGE", "霜剂": "DRUG_DOSAGE", "糊剂": "DRUG_DOSAGE", "油膏剂": "DRUG_DOSAGE", "凝胶膏": "DRUG_DOSAGE", "硬膏剂": "DRUG_DOSAGE", "黑膏药": "DRUG_DOSAGE", "橡胶硬膏": "DRUG_DOSAGE", "巴布膏": "DRUG_DOSAGE", "乳胶剂": "DRUG_DOSAGE", "凝胶剂": "DRUG_DOSAGE", "涂剂": "DRUG_DOSAGE", "涂膜剂": "DRUG_DOSAGE", "涂布剂": "DRUG_DOSAGE", "膜剂": "DRUG_DOSAGE", "贴剂": "DRUG_DOSAGE", "贴膏剂": "DRUG_DOSAGE", "透皮贴剂": "DRUG_DOSAGE", "撒布剂": "DRUG_DOSAGE", "撒粉": "DRUG_DOSAGE", "外用散剂": "DRUG_DOSAGE", "滴眼剂": "DRUG_DOSAGE", "滴眼液": "DRUG_DOSAGE", "滴耳剂": "DRUG_DOSAGE", "滴耳液": "DRUG_DOSAGE", "滴鼻剂": "DRUG_DOSAGE", "滴鼻液": "DRUG_DOSAGE", "喷剂": "DRUG_DOSAGE", "气雾剂": "DRUG_DOSAGE", "鼻用喷雾剂": "DRUG_DOSAGE", "喷粉剂": "DRUG_DOSAGE", "喷雾剂": "DRUG_DOSAGE", "雾化吸入剂": "DRUG_DOSAGE", "雾化混悬液": "DRUG_DOSAGE", "雾化溶液剂": "DRUG_DOSAGE", "雾化吸入液": "DRUG_DOSAGE", "吸入性粉剂": "DRUG_DOSAGE", "干粉剂": "DRUG_DOSAGE", "干粉吸入剂": "DRUG_DOSAGE", "粉末吸入剂": "DRUG_DOSAGE", "干粉吸剂": "DRUG_DOSAGE", "吸入性溶液剂": "DRUG_DOSAGE", "吸入性混悬液": "DRUG_DOSAGE", "吸入剂": "DRUG_DOSAGE", "肛门栓": "DRUG_DOSAGE", "阴道栓": "DRUG_DOSAGE", "阴道用药": "DRUG_DOSAGE", "外用阴道膜；阴道软膏剂；阴道片": "DRUG_DOSAGE", "阴道泡腾片": "DRUG_DOSAGE", "阴道胶囊剂": "DRUG_DOSAGE", "阴道灌注液": "DRUG_DOSAGE", "阴道凝胶剂": "DRUG_DOSAGE", "注射剂": "DRUG_DOSAGE", "注射液": "DRUG_DOSAGE", "注射用溶液剂": "DRUG_DOSAGE", "静脉滴注用注射液": "DRUG_DOSAGE", "注射用混悬液": "DRUG_DOSAGE", "注射用无菌粉末": "DRUG_DOSAGE", "静脉注射针剂": "DRUG_DOSAGE", "水针": "DRUG_DOSAGE", "注射用乳剂": "DRUG_DOSAGE", "粉针剂": "DRUG_DOSAGE", "针剂": "DRUG_DOSAGE", "无菌粉针": "DRUG_DOSAGE", "冻干粉针": "DRUG_DOSAGE", "兴奋剂": "DRUG_DOSAGE", "含罂粟": "DRUG_DOSAGE", "麝香": "DRUG_DOSAGE", "麻黄类药品及激素类药品": "DRUG_DOSAGE", "国家下发的兴奋剂药品": "DRUG_DOSAGE", "蛋白同化制剂药品": "DRUG_DOSAGE", "麻黄碱制剂": "DRUG_DOSAGE", "含复方麻黄碱制剂类药品": "DRUG_DOSAGE", "其它制剂": "DRUG_DOSAGE", "海绵剂": "DRUG_DOSAGE", "锭剂": "DRUG_DOSAGE", "湿巾": "DRUG_DOSAGE", "宫内节育系统": "DRUG_DOSAGE", "蜡棒": "DRUG_DOSAGE", "炙剂": "DRUG_DOSAGE", "植入剂": "DRUG_DOSAGE", "胶剂": "DRUG_DOSAGE", "器械": "DRUG_DOSAGE"}