{"气微": "DRUG_TASTE", "味苦": "DRUG_TASTE", "微香": "DRUG_TASTE", "微苦": "DRUG_TASTE", "味微苦": "DRUG_TASTE", "涩": "DRUG_TASTE", "辛": "DRUG_TASTE", "气微香": "DRUG_TASTE", "味涩": "DRUG_TASTE", "气香": "DRUG_TASTE", "苦味": "DRUG_TASTE", "味甜": "DRUG_TASTE", "微甜": "DRUG_TASTE", "微涩": "DRUG_TASTE", "气芳香": "DRUG_TASTE", "味微辛": "DRUG_TASTE", "腥": "DRUG_TASTE", "味淡": "DRUG_TASTE", "味先甜": "DRUG_TASTE", "后苦": "DRUG_TASTE", "微腥": "DRUG_TASTE", "味微甜": "DRUG_TASTE", "略苦": "DRUG_TASTE", "味甘": "DRUG_TASTE", "苦": "DRUG_TASTE", "甜": "DRUG_TASTE", "略涩": "DRUG_TASTE", "具冰片香气": "DRUG_TASTE", "味甜而后涩": "DRUG_TASTE", "微辛": "DRUG_TASTE", "微咸": "DRUG_TASTE", "褐色": "DRUG_TASTE", "焦糖气": "DRUG_TASTE", "味微涩": "DRUG_TASTE", "味微甘": "DRUG_TASTE", "味酸": "DRUG_TASTE", "昧甜": "DRUG_TASTE", "味咸": "DRUG_TASTE", "香": "DRUG_TASTE", "味甘苦": "DRUG_TASTE", "味辛": "DRUG_TASTE", "深黄色至黄褐色": "DRUG_TASTE", "气微腥": "DRUG_TASTE", "气特异": "DRUG_TASTE", "涩平": "DRUG_TASTE", "苦酸": "DRUG_TASTE", "甘涩": "DRUG_TASTE", "苦温": "DRUG_TASTE", "微酸": "DRUG_TASTE", "味酸苦": "DRUG_TASTE", "略麻辣": "DRUG_TASTE", "味微酸": "DRUG_TASTE", "味略苦": "DRUG_TASTE", "味微甜而后苦": "DRUG_TASTE", "味苦辛": "DRUG_TASTE", "略麻": "DRUG_TASTE", "味微腥": "DRUG_TASTE", "味甜酸": "DRUG_TASTE", "微麻": "DRUG_TASTE", "气味香": "DRUG_TASTE", "气味腥": "DRUG_TASTE", "香气味": "DRUG_TASTE", "有辣感": "DRUG_TASTE", "甘": "DRUG_TASTE", "味甘而后苦": "DRUG_TASTE", "咸": "DRUG_TASTE", "气腥": "DRUG_TASTE", "味微咸": "DRUG_TASTE", "味甘甜": "DRUG_TASTE", "微有麻舌感": "DRUG_TASTE", "味苦涩": "DRUG_TASTE", "气微臭": "DRUG_TASTE", "味甜特异": "DRUG_TASTE", "略酸": "DRUG_TASTE", "微甘": "DRUG_TASTE", "酸": "DRUG_TASTE", "有酒香气": "DRUG_TASTE", "气糊香": "DRUG_TASTE", "味微甜后苦": "DRUG_TASTE", "麻": "DRUG_TASTE", "气清香": "DRUG_TASTE", "味先甜而后苦": "DRUG_TASTE", "味干": "DRUG_TASTE", "气焦香": "DRUG_TASTE", "辣": "DRUG_TASTE", "香气": "DRUG_TASTE", "酸微涩": "DRUG_TASTE", "微麻涩": "DRUG_TASTE", "稍苦": "DRUG_TASTE", "气浓": "DRUG_TASTE", "甜味": "DRUG_TASTE", "肝腥味": "DRUG_TASTE", "微苦涩": "DRUG_TASTE", "酸而涩": "DRUG_TASTE", "气异香": "DRUG_TASTE", "辣后甜": "DRUG_TASTE", "微有香气": "DRUG_TASTE", "为甘苦": "DRUG_TASTE", "气辛香": "DRUG_TASTE", "味微苦涩": "DRUG_TASTE", "味腥": "DRUG_TASTE"}