{"辛辣": "FOOD_GROUP", "油腻": "FOOD_GROUP", "生冷": "FOOD_GROUP", "荤腥": "FOOD_GROUP", "辛辣刺激": "FOOD_GROUP", "鱼类": "FOOD_GROUP", "荤腥油腻": "FOOD_GROUP", "不易消化": "FOOD_GROUP", "生冷食物": "FOOD_GROUP", "刺激性": "FOOD_GROUP", "肥腻": "FOOD_GROUP", "少进油腻": "FOOD_GROUP", "辛辣食物": "FOOD_GROUP", "酸": "FOOD_GROUP", "冷": "FOOD_GROUP", "寒凉": "FOOD_GROUP", "难消化": "FOOD_GROUP", "咸味": "FOOD_GROUP", "酸味": "FOOD_GROUP", "富有营养": "FOOD_GROUP", "油腻食物": "FOOD_GROUP", "忌食蚕豆": "FOOD_GROUP", "酸冷食物": "FOOD_GROUP", "刺激": "FOOD_GROUP", "内脏": "FOOD_GROUP", "豆类": "FOOD_GROUP", "坚果": "FOOD_GROUP", "高蛋白": "FOOD_GROUP", "蛋白": "FOOD_GROUP", "高热量": "FOOD_GROUP", "维生素": "FOOD_GROUP", "微量元素": "FOOD_GROUP", "忌辛辣": "FOOD_GROUP", "海鲜": "FOOD_GROUP", "刺激性食物": "FOOD_GROUP", "忌食辛辣": "FOOD_GROUP", "食酸": "FOOD_GROUP", "鱼腥": "FOOD_GROUP", "忌食寒凉": "FOOD_GROUP", "清淡": "FOOD_GROUP", "忌食生冷": "FOOD_GROUP", "油腻难消化": "FOOD_GROUP", "不易消化食品": "FOOD_GROUP", "生冷饮食": "FOOD_GROUP", "酸味食物": "FOOD_GROUP", "不易消化食物": "FOOD_GROUP"}