{"孕妇": "PERSON_GROUP", "小儿": "PERSON_GROUP", "过敏者": "PERSON_GROUP", "妇人": "PERSON_GROUP", "儿童": "PERSON_GROUP", "青春期少女": "PERSON_GROUP", "更年期妇女": "PERSON_GROUP", "过敏体质者": "PERSON_GROUP", "哺乳期妇女": "PERSON_GROUP", "少女": "PERSON_GROUP", "妇女": "PERSON_GROUP", "过敏体质": "PERSON_GROUP", "绝经后患者": "PERSON_GROUP", "产妇": "PERSON_GROUP", "老人": "PERSON_GROUP", "带下清稀者": "PERSON_GROUP", "脾胃虚寒者": "PERSON_GROUP", "月经量多者": "PERSON_GROUP", "超剂量服药者": "PERSON_GROUP", "未婚": "PERSON_GROUP", "绝经后老人": "PERSON_GROUP", "年老体弱": "PERSON_GROUP", "膀胱气化不行者": "PERSON_GROUP", "痛经较重者": "PERSON_GROUP", "妊娠期": "PERSON_GROUP", "哺乳期": "PERSON_GROUP", "肾阴虚者": "PERSON_GROUP", "糖尿病患者": "PERSON_GROUP", "感冒发热病人": "PERSON_GROUP", "高血压者": "PERSON_GROUP", "阴虚火旺者": "PERSON_GROUP", "成人": "PERSON_GROUP", "未婚妇女": "PERSON_GROUP", "已婚妇女": "PERSON_GROUP", "感冒病人": "PERSON_GROUP", "咳嗽痰多者": "PERSON_GROUP", "婴幼儿": "PERSON_GROUP", "高血压患者": "PERSON_GROUP", "赤带者": "PERSON_GROUP", "更年期": "PERSON_GROUP", "尿闭不通者": "PERSON_GROUP", "血钾高": "PERSON_GROUP", "月经过多者": "PERSON_GROUP", "慢性病患者": "PERSON_GROUP", "脾胃明显虚弱者": "PERSON_GROUP", "体虚胃寒者": "PERSON_GROUP", "大便塘者": "PERSON_GROUP", "妇女经期": "PERSON_GROUP", "长期服药": "PERSON_GROUP", "暴发火眼者": "PERSON_GROUP", "过敏体质患者": "PERSON_GROUP", "花粉过敏者": "PERSON_GROUP", "年老": "PERSON_GROUP", "孕期妇女": "PERSON_GROUP", "感冒发热者": "PERSON_GROUP", "年老体弱者": "PERSON_GROUP", "肾功能不全患者": "PERSON_GROUP", "无妊娠": "PERSON_GROUP", "孕期": "PERSON_GROUP", "女性患者": "PERSON_GROUP", "大便溏者": "PERSON_GROUP", "鼻流清涕者": "PERSON_GROUP", "风寒感冒咽痛者": "PERSON_GROUP", "五心烦热者": "PERSON_GROUP", "虚火旺者": "PERSON_GROUP", "年老者": "PERSON_GROUP", "盆腔炎症": "PERSON_GROUP", "大便稀溏者": "PERSON_GROUP", "月经期": "PERSON_GROUP", "酒精过敏者": "PERSON_GROUP", "新生儿": "PERSON_GROUP", "痰湿壅盛患者": "PERSON_GROUP", "脾虚大便溏者": "PERSON_GROUP", "伴有赤带者": "PERSON_GROUP", "畏寒肢凉者": "PERSON_GROUP", "月经过多或腹痛较重者": "PERSON_GROUP", "阴道炎患者": "PERSON_GROUP", "已婚妇": "PERSON_GROUP", "年老患者": "PERSON_GROUP", "火郁证者": "PERSON_GROUP", "运动员": "PERSON_GROUP", "更年去妇女": "PERSON_GROUP", "重度痛经者": "PERSON_GROUP", "腹痛较重者": "PERSON_GROUP", "妊娠者": "PERSON_GROUP", "经期": "PERSON_GROUP", "发热病人": "PERSON_GROUP", "胃肠道疾病患者": "PERSON_GROUP", "胃牌虚弱者": "PERSON_GROUP", "岁以上老人": "PERSON_GROUP", "老年": "PERSON_GROUP", "便溏者": "PERSON_GROUP", "热症患者": "PERSON_GROUP", "孩童": "PERSON_GROUP", "患有其他疾病者": "PERSON_GROUP", "老年痴呆症患者": "PERSON_GROUP", "腹泻患者": "PERSON_GROUP", "白带异常者": "PERSON_GROUP", "糖尿病者": "PERSON_GROUP", "皮肤过敏者": "PERSON_GROUP", "严重肾功能损害者": "PERSON_GROUP", "男子": "PERSON_GROUP", "糖尿病人": "PERSON_GROUP", "月经紊乱者": "PERSON_GROUP", "未成年人": "PERSON_GROUP", "感冒时": "PERSON_GROUP", "带下量多气臭者": "PERSON_GROUP", "本品过敏者": "PERSON_GROUP", "青少年": "PERSON_GROUP", "老年患者": "PERSON_GROUP", "婴儿": "PERSON_GROUP", "有痰者": "PERSON_GROUP", "妇": "PERSON_GROUP", "慢性肝炎氨基转移酶增高者": "PERSON_GROUP", "青春期少年": "PERSON_GROUP", "幼儿": "PERSON_GROUP"}