{"血小板减少性紫癜": "SYMPTOM", "皮肤": "SYMPTOM", "恶心": "SYMPTOM", "嗜睡": "SYMPTOM", "外科感染": "SYMPTOM", "胃肠不适": "SYMPTOM", "便秘": "SYMPTOM", "经闭": "SYMPTOM", "痛经": "SYMPTOM", "产后恶露不尽": "SYMPTOM", "乳房疼痛": "SYMPTOM", "乳房肿块": "SYMPTOM", "胸胁胀闷": "SYMPTOM", "前列增生": "SYMPTOM", "小便不爽": "SYMPTOM", "尿细如线": "SYMPTOM", "小腹胀痛": "SYMPTOM", "膀胱": "SYMPTOM", "黄带": "SYMPTOM", "潮热汗出": "SYMPTOM", "眩晕耳鸣": "SYMPTOM", "烦躁失眠": "SYMPTOM", "酸胀": "SYMPTOM", "腰膝无力": "SYMPTOM", "阳萎精冷": "SYMPTOM", "发热": "SYMPTOM", "经期腹痛": "SYMPTOM", "腰膝酸软": "SYMPTOM", "月经量少": "SYMPTOM", "筋骨疼痛": "SYMPTOM", "半身不遂": "SYMPTOM", "遗精失血": "SYMPTOM", "再障贫血": "SYMPTOM", "月经过少": "SYMPTOM", "经期错后": "SYMPTOM", "阴道不规则出血": "SYMPTOM", "经期前后不定": "SYMPTOM", "行经腹痛": "SYMPTOM", "宿有瘕块": "SYMPTOM", "恶露不尽": "SYMPTOM", "宿有癥块": "SYMPTOM", "瘀血不净": "SYMPTOM", "腹痛": "SYMPTOM", "消化不良": "SYMPTOM", "失眠": "SYMPTOM", "脱发": "SYMPTOM", "食欲减退": "SYMPTOM", "腹泻": "SYMPTOM", "蛋白尿": "SYMPTOM", "血尿": "SYMPTOM", "色黄如脓": "SYMPTOM", "阴部潮红": "SYMPTOM", "肿胀痒痛": "SYMPTOM", "心烦少槑": "SYMPTOM", "口苦胸闷": "SYMPTOM", "产后腹痛": "SYMPTOM", "大便溏": "SYMPTOM", "白带过多": "SYMPTOM", "升高白细胞": "SYMPTOM", "白细胞减少": "SYMPTOM", "瘙痒": "SYMPTOM", "尿频": "SYMPTOM", "带下伴血性分泌物": "SYMPTOM", "尿急": "SYMPTOM", "尿痛": "SYMPTOM", "阴部瘙痒": "SYMPTOM", "灼热痛": "SYMPTOM", "月经过多": "SYMPTOM", "经期延长": "SYMPTOM", "月经量多": "SYMPTOM", "经色深红": "SYMPTOM", "小血块": "SYMPTOM", "咽干口燥": "SYMPTOM", "舌红少津": "SYMPTOM", "苔少": "SYMPTOM", "无苔": "SYMPTOM", "脉细数": "SYMPTOM", "子宫出血": "SYMPTOM", "上环后子宫出血": "SYMPTOM", "潮热心烦": "SYMPTOM", "经来腹痛": "SYMPTOM", "色淡质稀": "SYMPTOM", "头晕心悸": "SYMPTOM", "疲乏无力": "SYMPTOM", "经量少": "SYMPTOM", "阴道出血": "SYMPTOM", "月经失调": "SYMPTOM", "小腹隐痛": "SYMPTOM", "痛经不减轻": "SYMPTOM", "重度痛经": "SYMPTOM", "月经周期后错": "SYMPTOM", "经水量少": "SYMPTOM", "有血块": "SYMPTOM", "色黄有味": "SYMPTOM", "遗精": "SYMPTOM", "湿热泻痢": "SYMPTOM", "黄疸": "SYMPTOM", "疮疡肿毒": "SYMPTOM", "骨蒸劳热": "SYMPTOM", "性欲减退": "SYMPTOM", "阳痿早泄": "SYMPTOM", "夜尿频多": "SYMPTOM", "畏寒肢冷": "SYMPTOM", "白发脱发": "SYMPTOM", "头昏乏力": "SYMPTOM", "月经提前": "SYMPTOM", "下腹隐痛": "SYMPTOM", "月经提前量多": "SYMPTOM", "乳胁胀痛": "SYMPTOM", "头昏健忘": "SYMPTOM", "目暗耳鸣": "SYMPTOM", "阳痿滑精": "SYMPTOM", "滑胎小产": "SYMPTOM", "头晕健忘": "SYMPTOM", "倦怠嗜卧": "SYMPTOM", "阳萎滑精": "SYMPTOM", "妊娠斑": "SYMPTOM", "黄褐斑": "SYMPTOM", "呃逆": "SYMPTOM", "量多臭味": "SYMPTOM", "阴痒": "SYMPTOM", "尿痛者": "SYMPTOM", "白带量多": "SYMPTOM", "月经错后": "SYMPTOM", "神疲乏力": "SYMPTOM", "伤风": "SYMPTOM", "胸胁胀痛": "SYMPTOM", "目眩": "SYMPTOM", "皮肤瘙痒": "SYMPTOM", "乳房内肿块": "SYMPTOM", "胀痛": "SYMPTOM", "刺痛": "SYMPTOM", "胸胁胀满": "SYMPTOM", "舌质暗红": "SYMPTOM", "瘀斑": "SYMPTOM", "脉涩": "SYMPTOM", "脉弦": "SYMPTOM", "气臭": "SYMPTOM", "血性分泌物": "SYMPTOM", "症见赤白带下": "SYMPTOM", "头昏": "SYMPTOM", "小鼠耳肿胀": "SYMPTOM", "大鼠足趾肿胀": "SYMPTOM", "出血": "SYMPTOM", "素有癥瘕": "SYMPTOM", "阴道出血量多": "SYMPTOM", "漏下不止": "SYMPTOM", "胎动不安": "SYMPTOM", "崩漏下血": "SYMPTOM", "血小板减少": "SYMPTOM", "乳房胀痛": "SYMPTOM", "头痛": "SYMPTOM", "头晕": "SYMPTOM", "口苦咽干": "SYMPTOM", "舌红苔少": "SYMPTOM", "听力减退": "SYMPTOM", "腰酸乏力": "SYMPTOM", "白发": "SYMPTOM", "久不受孕": "SYMPTOM", "小腹冷痛": "SYMPTOM", "带下伴阴痒": "SYMPTOM", "小腹下坠": "SYMPTOM", "小便频数": "SYMPTOM", "夜卧遗尿": "SYMPTOM", "经色紫黯有块": "SYMPTOM", "尿道灼热": "SYMPTOM", "小便频急": "SYMPTOM", "尿后余沥不尽": "SYMPTOM", "尿后滴白": "SYMPTOM", "阴部潮湿": "SYMPTOM", "会阴": "SYMPTOM", "少腹": "SYMPTOM", "腰骶部疼痛": "SYMPTOM", "舌质红苔黄": "SYMPTOM", "弦滑": "SYMPTOM", "痛经闭经": "SYMPTOM", "子宫糜烂": "SYMPTOM", "肿块": "SYMPTOM", "杀菌": "SYMPTOM", "先兆流产": "SYMPTOM", "腰酸胀痛": "SYMPTOM", "小腹坠痛": "SYMPTOM", "阴道流血": "SYMPTOM", "口干咽燥": "SYMPTOM", "手足心热": "SYMPTOM", "腰骶痛": "SYMPTOM", "经行有块": "SYMPTOM", "下伴阴痒": "SYMPTOM", "下腹胀痛": "SYMPTOM", "色黄质稠": "SYMPTOM", "腰骶酸痛": "SYMPTOM", "经行腹痛": "SYMPTOM", "小便黄赤": "SYMPTOM", "尿频尿急": "SYMPTOM", "尿道灼热涩痛": "SYMPTOM", "行经后错": "SYMPTOM", "小腹疼痛": "SYMPTOM", "血块排出痛减": "SYMPTOM", "经前双乳胀痛": "SYMPTOM", "食欲不振": "SYMPTOM", "肿痛": "SYMPTOM", "腰腹垂胀": "SYMPTOM", "湿热型赤白带症": "SYMPTOM", "面色晃白": "SYMPTOM", "腰膝疲软无力": "SYMPTOM", "小腹坠胀": "SYMPTOM", "尿道涩痛": "SYMPTOM", "面色暗黄": "SYMPTOM", "心慌失眠": "SYMPTOM", "久病体弱": "SYMPTOM", "目昏": "SYMPTOM", "虚劳咳嗽": "SYMPTOM", "后错": "SYMPTOM", "重度痛": "SYMPTOM", "不思饮食": "SYMPTOM", "乳腺胀痛": "SYMPTOM", "面色白": "SYMPTOM", "腰酸膝软": "SYMPTOM", "经间期出血": "SYMPTOM", "胃部不适": "SYMPTOM", "咳嗽": "SYMPTOM", "腰痛": "SYMPTOM", "大便干结": "SYMPTOM", "大便次数增多": "SYMPTOM", "轻度胃痛": "SYMPTOM", "耳肿胀": "SYMPTOM", "痛阈": "SYMPTOM", "慢性肝损害": "SYMPTOM", "外阴溃疡": "SYMPTOM", "阴道充血": "SYMPTOM", "灼热": "SYMPTOM", "疼痛": "SYMPTOM", "局部溃疡": "SYMPTOM", "糜烂": "SYMPTOM", "淋漓不净": "SYMPTOM", "肢冷乏力": "SYMPTOM", "健忘": "SYMPTOM", "动则气喘": "SYMPTOM", "呕吐泄泻": "SYMPTOM", "腹胀便溏": "SYMPTOM", "咳嗽痰多": "SYMPTOM", "尿闭": "SYMPTOM", "胸满胁痛": "SYMPTOM", "经期提前": "SYMPTOM", "徵瘕": "SYMPTOM", "腹有徵块": "SYMPTOM", "尿色偏黄": "SYMPTOM", "小便淋漓不尽": "SYMPTOM", "烧灼": "SYMPTOM", "阴道瘙痒": "SYMPTOM", "灼痛": "SYMPTOM", "腰骶疼痛": "SYMPTOM", "下腹坠涨": "SYMPTOM", "妇女带下": "SYMPTOM", "舌暗苔黄腻": "SYMPTOM", "产后恶露": "SYMPTOM", "少腹疼痛": "SYMPTOM", "产后恶露不行": "SYMPTOM", "头晕目眩": "SYMPTOM", "耳鸣": "SYMPTOM", "四肢酸软": "SYMPTOM", "腰膝酸痛": "SYMPTOM", "咽喉肿痛": "SYMPTOM", "牙龈出血": "SYMPTOM", "心烦口渴": "SYMPTOM", "尿赤便秘": "SYMPTOM", "尿涩痛": "SYMPTOM", "神疲健忘": "SYMPTOM", "尿细": "SYMPTOM", "排尿困难": "SYMPTOM", "涩痛": "SYMPTOM", "尿液黄赤": "SYMPTOM", "舌苔黄腻": "SYMPTOM", "脉弦数": "SYMPTOM", "外阴白色病变": "SYMPTOM", "小便量少": "SYMPTOM", "热赤不爽": "SYMPTOM", "癃闭": "SYMPTOM", "虚弱消瘦": "SYMPTOM", "寒湿带下": "SYMPTOM", "胸胀痛": "SYMPTOM", "排尿不畅": "SYMPTOM", "经期不准": "SYMPTOM", "瘕血块": "SYMPTOM", "腹部痞胀": "SYMPTOM", "身体消瘦": "SYMPTOM", "四肢困倦": "SYMPTOM", "大便溏薄": "SYMPTOM", "形寒肢冷": "SYMPTOM", "面浮肢肿": "SYMPTOM", "月经紊乱": "SYMPTOM", "潮热多汗": "SYMPTOM", "失眠健忘": "SYMPTOM", "头晕耳鸣": "SYMPTOM", "咽干口渴": "SYMPTOM", "四肢酸楚": "SYMPTOM", "关节疼痛": "SYMPTOM", "瘙痒异味": "SYMPTOM", "眩晕": "SYMPTOM", "心悸": "SYMPTOM", "心烦不眠": "SYMPTOM", "心烦": "SYMPTOM", "不眠": "SYMPTOM", "精神倦怠": "SYMPTOM", "饮食减少": "SYMPTOM", "瘀血腹痛": "SYMPTOM", "肾脏损害": "SYMPTOM", "胸背满": "SYMPTOM", "腹部胀痛": "SYMPTOM", "经量过多": "SYMPTOM", "脐腹胀痛": "SYMPTOM", "两胁胀痛": "SYMPTOM", "倦怠食少": "SYMPTOM", "阴冷": "SYMPTOM", "梦遗滑精": "SYMPTOM", "恶露过多": "SYMPTOM", "乳房红肿热痛": "SYMPTOM", "乳汁未见增多": "SYMPTOM", "产后气血不足": "SYMPTOM", "乳汁少": "SYMPTOM", "乳汁清稀": "SYMPTOM", "乳房柔软": "SYMPTOM", "肿胀": "SYMPTOM", "痒痛": "SYMPTOM", "苔黄腻": "SYMPTOM", "脉濡": "SYMPTOM", "豆腐渣": "SYMPTOM", "腥臭": "SYMPTOM", "平滑肌收缩": "SYMPTOM", "宫寒不孕": "SYMPTOM", "胃痛": "SYMPTOM", "腹痛拒按": "SYMPTOM", "腰酸带下": "SYMPTOM", "白带": "SYMPTOM", "心悸失眠": "SYMPTOM", "脾胃不和": "SYMPTOM", "老年虚弱": "SYMPTOM", "经络不利": "SYMPTOM", "肢体僵直": "SYMPTOM", "血色紫黯成块": "SYMPTOM", "腰部酸痛": "SYMPTOM", "两胁作痛": "SYMPTOM", "尿后余沥": "SYMPTOM", "白带增多": "SYMPTOM", "凝滞": "SYMPTOM", "身疲乏力": "SYMPTOM", "腰膝痠软": "SYMPTOM", "记忆减退": "SYMPTOM", "四肢无力": "SYMPTOM", "小便赤涩热痛": "SYMPTOM", "上腹部饱胀": "SYMPTOM", "经前疼痛": "SYMPTOM", "瘀血积聚": "SYMPTOM", "经血闭止": "SYMPTOM", "瘕痞块": "SYMPTOM", "鼓胀膨闭": "SYMPTOM", "气滞食积": "SYMPTOM", "红白痢疾": "SYMPTOM", "胃气疼痛": "SYMPTOM", "体质虚弱": "SYMPTOM", "贫血头晕": "SYMPTOM", "腰酸背痛": "SYMPTOM", "阳虚气弱": "SYMPTOM", "阳萎早泄": "SYMPTOM", "四肢乏力": "SYMPTOM", "大便溏泻": "SYMPTOM", "白浊带下": "SYMPTOM", "腹胀": "SYMPTOM", "腹部不适": "SYMPTOM", "上肢放射性疼痛": "SYMPTOM", "上肢麻木": "SYMPTOM", "内挫伤胎": "SYMPTOM", "难产": "SYMPTOM", "恶露不行": "SYMPTOM", "急性大出血": "SYMPTOM", "少腹冷痛": "SYMPTOM", "经色暗淡": "SYMPTOM", "点滴不出": "SYMPTOM", "胎动下坠": "SYMPTOM", "小腹作痛": "SYMPTOM", "牙龈疼痛": "SYMPTOM", "双目赤痛": "SYMPTOM", "大便燥结": "SYMPTOM", "渴喜冷饮": "SYMPTOM", "双目赤肿": "SYMPTOM", "心烦不安": "SYMPTOM", "小便短黄": "SYMPTOM", "痔疮出血": "SYMPTOM", "肺结核咯血": "SYMPTOM", "经痛": "SYMPTOM", "月经血量过多": "SYMPTOM", "肋间神经痛": "SYMPTOM", "上腹部饱胀不适": "SYMPTOM", "阴道干燥": "SYMPTOM", "闭经": "SYMPTOM", "性欲低下": "SYMPTOM", "精神抑郁不安": "SYMPTOM", "口渴感": "SYMPTOM", "轻度腹泻": "SYMPTOM", "尿线细": "SYMPTOM", "小腹拘急疼痛": "SYMPTOM", "经血量多": "SYMPTOM", "行而不畅": "SYMPTOM", "夹有血块": "SYMPTOM", "妇女痛经": "SYMPTOM", "白带异常": "SYMPTOM", "排尿滴沥不尽": "SYMPTOM", "贫血虚弱": "SYMPTOM", "产后体虚": "SYMPTOM", "萎黄肌瘦": "SYMPTOM", "产后血虚": "SYMPTOM", "饮食少进": "SYMPTOM", "大便不实": "SYMPTOM", "畏寒肢准": "SYMPTOM", "阳萎不举": "SYMPTOM", "两胁疼痛": "SYMPTOM", "胸腹胀闷": "SYMPTOM", "头痛目眩": "SYMPTOM", "心烦意乱": "SYMPTOM", "部黧黑斑": "SYMPTOM", "遗精盗汗": "SYMPTOM", "胃脘不适": "SYMPTOM", "大便稀": "SYMPTOM", "余沥不尽": "SYMPTOM", "腰骶部坠胀疼痛": "SYMPTOM", "阴囊潮湿": "SYMPTOM", "舌紫暗或瘀斑": "SYMPTOM", "见面色晃白": "SYMPTOM", "小便不利": "SYMPTOM", "水肿": "SYMPTOM", "小便余沥": "SYMPTOM", "眩晕目昏": "SYMPTOM", "上腹不适": "SYMPTOM", "隐痛": "SYMPTOM", "上腹部不适": "SYMPTOM", "舌紫暗": "SYMPTOM", "腰酸腿软": "SYMPTOM", "宫寒带下": "SYMPTOM", "久泻": "SYMPTOM", "痈疽初起": "SYMPTOM", "红肿作痛": "SYMPTOM", "小腹或乳房胀痛": "SYMPTOM", "轻度胃脘不适": "SYMPTOM", "少气懒言": "SYMPTOM", "遗尿遗精": "SYMPTOM", "症瘕痞块": "SYMPTOM", "恶露不净": "SYMPTOM", "功能性子宫出血": "SYMPTOM", "经期后延": "SYMPTOM", "小腹空痛": "SYMPTOM", "腹冷痛": "SYMPTOM", "腰酸腹胀": "SYMPTOM", "产后子宫出血": "SYMPTOM", "产后恶露不绝": "SYMPTOM", "见经水量少": "SYMPTOM", "产后出血": "SYMPTOM", "产后子宫复旧": "SYMPTOM", "失眠多梦": "SYMPTOM", "心悸怔忡": "SYMPTOM", "急躁善怒": "SYMPTOM", "心悸气短": "SYMPTOM", "肛周水肿": "SYMPTOM", "足肿胀": "SYMPTOM", "身体虚弱": "SYMPTOM", "增强机体免疫力": "SYMPTOM", "促进胎儿发育": "SYMPTOM", "预防流产": "SYMPTOM", "收縮子宮": "SYMPTOM", "子宮增生": "SYMPTOM", "子宮收縮": "SYMPTOM", "津污自汗": "SYMPTOM", "头目眩晕": "SYMPTOM", "津亏自汗": "SYMPTOM", "面色晄白": "SYMPTOM", "瘙痒红肿": "SYMPTOM", "尿黄便结": "SYMPTOM", "腰腿酸痛": "SYMPTOM", "经行量少": "SYMPTOM", "双乳胀痛": "SYMPTOM", "伴有赤带": "SYMPTOM", "色黄": "SYMPTOM", "有味": "SYMPTOM", "眩晕心悸": "SYMPTOM", "肌痿无力": "SYMPTOM", "肺燥咳嗽": "SYMPTOM", "劳嗽咯血": "SYMPTOM", "吐血尿血": "SYMPTOM", "便血": "SYMPTOM", "妊娠胎漏": "SYMPTOM", "月经后错": "SYMPTOM", "经量过少": "SYMPTOM", "月经量过多": "SYMPTOM", "心烦易怒": "SYMPTOM", "尿": "SYMPTOM", "胸乳胀痛": "SYMPTOM", "性情急躁": "SYMPTOM", "经初行不畅": "SYMPTOM", "腰腿酸软": "SYMPTOM", "颜面黄褐斑": "SYMPTOM", "胸肋疼痛": "SYMPTOM", "胸腹胀满": "SYMPTOM", "咽喉干燥": "SYMPTOM", "食无津液": "SYMPTOM", "舌红无苔": "SYMPTOM", "倦怠乏力": "SYMPTOM", "面色不华": "SYMPTOM", "男子精液清稀": "SYMPTOM", "女子月经不调": "SYMPTOM", "头昏目眩": "SYMPTOM", "四肢不温": "SYMPTOM", "经期乳房胀痛有块": "SYMPTOM", "经血量少": "SYMPTOM", "面色无华": "SYMPTOM", "下肢肿痛": "SYMPTOM", "睾丸肿痛": "SYMPTOM", "产后瘀血": "SYMPTOM", "面色白光白": "SYMPTOM", "尿短": "SYMPTOM", "月经期提前": "SYMPTOM", "轻微药疹": "SYMPTOM", "烧灼感": "SYMPTOM", "面部色素沉着": "SYMPTOM", "乳房萎缩": "SYMPTOM", "经期过长": "SYMPTOM", "恶露不绝": "SYMPTOM", "阴痒阴肿": "SYMPTOM", "少腹痛": "SYMPTOM", "神疲口燥": "SYMPTOM", "气短多汗": "SYMPTOM", "大便难": "SYMPTOM", "汗出": "SYMPTOM", "烦躁": "SYMPTOM", "潮热": "SYMPTOM", "肌肉酸胀": "SYMPTOM", "骨质疏松": "SYMPTOM", "口苦": "SYMPTOM", "咽干": "SYMPTOM", "尿道结石": "SYMPTOM", "尿道": "SYMPTOM", "小便淋漓": "SYMPTOM", "更年期潮热汗出": "SYMPTOM", "郁闷不舒": "SYMPTOM", "阳痿遗精": "SYMPTOM", "精神疲倦": "SYMPTOM", "腰腹冷痛": "SYMPTOM", "经血不调": "SYMPTOM", "产后血晕": "SYMPTOM", "子宫张力增强": "SYMPTOM", "收缩幅度增大": "SYMPTOM", "经期或胎前产后腹痛": "SYMPTOM", "月经先后不定期": "SYMPTOM", "带经日久": "SYMPTOM", "淋漓出血": "SYMPTOM", "肾虚阳痿": "SYMPTOM", "滑精早泄": "SYMPTOM", "性功能减退": "SYMPTOM", "肾虚阳萎": "SYMPTOM", "宿有血块": "SYMPTOM", "经行小腹胀痛": "SYMPTOM", "秃发": "SYMPTOM", "头皮瘙痒": "SYMPTOM", "肾亏遗精": "SYMPTOM", "胃脘胀痛": "SYMPTOM", "嘈杂": "SYMPTOM", "头晕烦燥": "SYMPTOM", "精神不振": "SYMPTOM", "畏寒怕冷": "SYMPTOM", "妇女月经过多": "SYMPTOM", "白带清稀": "SYMPTOM", "便溏": "SYMPTOM", "腰膝痠痛": "SYMPTOM", "多梦": "SYMPTOM", "气短": "SYMPTOM", "迎风流泪": "SYMPTOM", "目涩畏光": "SYMPTOM", "视物模糊": "SYMPTOM", "妇科炎": "SYMPTOM", "肠炎": "SYMPTOM", "泌尿道感染": "SYMPTOM", "呼吸道": "SYMPTOM", "风湿痹痛": "SYMPTOM", "肢体麻木": "SYMPTOM", "虚弱体瘦": "SYMPTOM", "经期紊乱": "SYMPTOM", "口干便燥": "SYMPTOM", "量少": "SYMPTOM", "失血过多": "SYMPTOM", "面色萎黄": "SYMPTOM", "痔漏下血": "SYMPTOM", "经期后错": "SYMPTOM", "久病虚弱": "SYMPTOM", "胸闷": "SYMPTOM", "胁痛": "SYMPTOM", "盗汗遗精": "SYMPTOM", "骨蒸潮热": "SYMPTOM", "瘕块": "SYMPTOM", "妊娠后漏下": "SYMPTOM", "行经期腹痛": "SYMPTOM", "下腹坠胀": "SYMPTOM", "腰背疼痛": "SYMPTOM", "经行错后": "SYMPTOM", "脾胃明显虚弱": "SYMPTOM", "虚症带下": "SYMPTOM", "伴有神疲乏力": "SYMPTOM", "面色白或萎黄": "SYMPTOM", "带下明显异常": "SYMPTOM", "色黄质粘稠": "SYMPTOM", "豆渣状": "SYMPTOM", "腹痛白带": "SYMPTOM", "产后败血不净": "SYMPTOM", "腰酸倦怠": "SYMPTOM", "外阴搔痒": "SYMPTOM", "小便短少黄赤": "SYMPTOM", "男性乳房发育": "SYMPTOM", "心胸痹痛": "SYMPTOM", "眩晕头痛": "SYMPTOM", "口干": "SYMPTOM", "舌燥": "SYMPTOM", "烦燥": "SYMPTOM", "气急": "SYMPTOM", "便干": "SYMPTOM", "痛": "SYMPTOM", "胃脘": "SYMPTOM", "腰膝痠冷": "SYMPTOM", "肢体浮肿": "SYMPTOM", "痰饮": "SYMPTOM", "喘咳": "SYMPTOM", "消渴": "SYMPTOM", "眼结膜充血": "SYMPTOM", "浮肿": "SYMPTOM", "恶心欲吐": "SYMPTOM", "口苦口干": "SYMPTOM", "小便少黄": "SYMPTOM", "胃黏膜损害": "SYMPTOM", "震颤麻痹": "SYMPTOM", "产后虚弱": "SYMPTOM", "体弱乏力": "SYMPTOM", "潮热盗汗": "SYMPTOM", "咽痛": "SYMPTOM", "小便短赤": "SYMPTOM", "外阴瘙痒": "SYMPTOM", "外阴湿疹": "SYMPTOM", "呕吐": "SYMPTOM", "下腹结块": "SYMPTOM", "目眶黯黑": "SYMPTOM", "经闭不行": "SYMPTOM", "腹部肿块": "SYMPTOM", "肌肤甲错": "SYMPTOM", "腰膝冷痛": "SYMPTOM", "血瘀腹痛": "SYMPTOM", "精力不足": "SYMPTOM", "下肢浮肿": "SYMPTOM", "早泻": "SYMPTOM", "死精": "SYMPTOM", "少精": "SYMPTOM", "腰腿疼痛": "SYMPTOM", "小腹胀满": "SYMPTOM", "头昏眼花": "SYMPTOM", "头昏眼": "SYMPTOM", "乳房结块": "SYMPTOM", "皮肤溃疡": "SYMPTOM", "胎盘不下": "SYMPTOM", "胃肠道不适": "SYMPTOM", "皮肤过敏": "SYMPTOM", "抑制子宫平滑肌收缩": "SYMPTOM", "经行小腹冷痛喜热": "SYMPTOM", "冷痛": "SYMPTOM", "风湿久痹": "SYMPTOM", "关节不利": "SYMPTOM", "心悸乏力": "SYMPTOM", "上节育环后": "SYMPTOM", "量少色暗": "SYMPTOM", "肾亏腰痛": "SYMPTOM", "膝软无力": "SYMPTOM", "神经衰弱": "SYMPTOM", "风湿骨痛": "SYMPTOM", "月事不准": "SYMPTOM", "经血过量": "SYMPTOM", "淋漓不止": "SYMPTOM", "妇科出血": "SYMPTOM", "遗精阳痿": "SYMPTOM", "月经后期": "SYMPTOM", "经血紫暗": "SYMPTOM", "腰酸如折": "SYMPTOM", "小腹发凉": "SYMPTOM", "小便清长": "SYMPTOM", "夜间尤甚": "SYMPTOM", "带下赤白": "SYMPTOM", "阴部灼热": "SYMPTOM", "便干尿黄": "SYMPTOM", "白带多": "SYMPTOM", "肾虚作喘": "SYMPTOM", "肺虚久咳": "SYMPTOM", "乳汁稀薄": "SYMPTOM", "阴痒带下": "SYMPTOM", "妊娠后漏下不止": "SYMPTOM", "乳痈": "SYMPTOM", "乳房结节": "SYMPTOM", "红热疼痛": "SYMPTOM", "蛋清性足肿胀": "SYMPTOM", "经期不适": "SYMPTOM", "下腹疼痛": "SYMPTOM", "脾肾虚寒": "SYMPTOM", "腰酸体倦": "SYMPTOM", "症状无改善": "SYMPTOM", "症状加重": "SYMPTOM", "恶寒发热": "SYMPTOM", "无汗": "SYMPTOM", "疲劳无力": "SYMPTOM", "轻度恶心": "SYMPTOM", "燥咳少痰": "SYMPTOM", "咽干喉痛": "SYMPTOM", "小便浑浊": "SYMPTOM", "淋沥作痛": "SYMPTOM", "肾阳不足": "SYMPTOM", "气血虛弱": "SYMPTOM", "血块排出": "SYMPTOM", "有块拒按": "SYMPTOM", "清浊利尿": "SYMPTOM", "早泄梦遗": "SYMPTOM", "寐差耳鸣": "SYMPTOM", "贫血衰弱": "SYMPTOM", "流产后": "SYMPTOM", "胃脘部不适": "SYMPTOM", "健忘失眠": "SYMPTOM", "身倦无力": "SYMPTOM", "体虚自汗": "SYMPTOM", "功能性阳痿": "SYMPTOM", "轻度动脉供血不足性阳痿": "SYMPTOM", "阴茎痿软不举": "SYMPTOM", "症见阳痿": "SYMPTOM", "胸闷善太息": "SYMPTOM", "有瘀斑": "SYMPTOM", "弦细": "SYMPTOM", "宁心": "SYMPTOM", "烘热": "SYMPTOM", "腰酸足软": "SYMPTOM", "精神萎糜": "SYMPTOM", "腰酸疼痛": "SYMPTOM", "经水不调": "SYMPTOM", "耳肿": "SYMPTOM", "脾脏系数下降": "SYMPTOM", "小溲滴沥不爽": "SYMPTOM", "小腹胀满疼痛": "SYMPTOM", "精神萎靡": "SYMPTOM", "月经周期错后": "SYMPTOM", "行经量少": "SYMPTOM", "肢体乏力": "SYMPTOM", "色黄质粘": "SYMPTOM", "尿黄便干": "SYMPTOM", "遗精自汗": "SYMPTOM", "肾虚腰痛": "SYMPTOM", "普秃": "SYMPTOM", "皮肤搔痒": "SYMPTOM", "发红": "SYMPTOM", "小腹胀痛拒按": "SYMPTOM", "胀满疼痛": "SYMPTOM", "胀痛有块": "SYMPTOM", "量少色紫": "SYMPTOM", "灼热感": "SYMPTOM", "体弱": "SYMPTOM", "习惯性流产": "SYMPTOM", "病久气虚": "SYMPTOM", "小腹胀疼": "SYMPTOM", "性欲衰退": "SYMPTOM", "气弱": "SYMPTOM", "月经正常": "SYMPTOM", "下腹坠痛": "SYMPTOM", "易怒": "SYMPTOM", "慢性腹泻": "SYMPTOM", "肢体倦怠": "SYMPTOM", "神疲懒言": "SYMPTOM", "食少": "SYMPTOM", "遗精梦泄": "SYMPTOM", "肢体劳倦": "SYMPTOM", "泄泻": "SYMPTOM", "痰多": "SYMPTOM", "血压上升": "SYMPTOM", "面红皮疹": "SYMPTOM", "气虚体弱": "SYMPTOM", "病后虚弱": "SYMPTOM", "头晕眼花": "SYMPTOM", "疲倦乏力": "SYMPTOM", "语言低微": "SYMPTOM", "形体消瘦": "SYMPTOM", "小腹痛": "SYMPTOM", "恶露淋沥": "SYMPTOM", "恶露涩滞": "SYMPTOM", "味臭": "SYMPTOM", "泡沫": "SYMPTOM", "豆渣": "SYMPTOM", "带下色黄": "SYMPTOM", "黏腻": "SYMPTOM", "经期后移": "SYMPTOM", "经行不畅": "SYMPTOM", "遗尿": "SYMPTOM", "瘀毒": "SYMPTOM", "疝气偏坠": "SYMPTOM", "头发早白": "SYMPTOM", "腰腹疼痛": "SYMPTOM", "头痛身酸": "SYMPTOM", "咽干鼻燥": "SYMPTOM", "男子无精": "SYMPTOM", "弱精": "SYMPTOM", "精液不液化": "SYMPTOM", "头昏耳鸣": "SYMPTOM", "心烦不宁": "SYMPTOM", "卵巢": "SYMPTOM", "衰退": "SYMPTOM", "卵巢功能衰退": "SYMPTOM", "足膝无力": "SYMPTOM", "遗精早泄": "SYMPTOM", "睡眠不安": "SYMPTOM", "多汗": "SYMPTOM", "营养不良": "SYMPTOM", "红斑": "SYMPTOM", "水泡": "SYMPTOM", "丘疹": "SYMPTOM", "渗出": "SYMPTOM", "皮肤湿疹": "SYMPTOM", "癥块": "SYMPTOM", "感染性": "SYMPTOM", "失血性": "SYMPTOM", "失液性休克": "SYMPTOM", "胃疼": "SYMPTOM", "痹症": "SYMPTOM", "瘀血内阻": "SYMPTOM", "胸痛": "SYMPTOM", "内热瞀闷": "SYMPTOM", "性欲亢进": "SYMPTOM", "活动力差": "SYMPTOM", "干咳少痰": "SYMPTOM", "咳嗽声重": "SYMPTOM", "鼻塞": "SYMPTOM", "流清涕": "SYMPTOM", "食少腹胀": "SYMPTOM", "痰多粘稠": "SYMPTOM", "稠厚成块": "SYMPTOM", "前列腺长期慢性充血": "SYMPTOM", "潴留炎性分泌物增多": "SYMPTOM", "滴沥不净": "SYMPTOM", "尿首这灼热涩痛": "SYMPTOM", "尿浊": "SYMPTOM", "尿道口滴白": "SYMPTOM", "瘀点瘀斑": "SYMPTOM", "苔薄黄": "SYMPTOM", "经量少有血块": "SYMPTOM", "喜暖": "SYMPTOM", "精子数目少": "SYMPTOM", "精子活动力下降": "SYMPTOM", "烦燥不安": "SYMPTOM", "烦躁不安": "SYMPTOM", "腰酸腹痛": "SYMPTOM", "月经不": "SYMPTOM", "两目昏暗": "SYMPTOM", "淤血疼痛": "SYMPTOM", "月经质稀": "SYMPTOM", "头晕目花": "SYMPTOM", "憋气": "SYMPTOM", "早白": "SYMPTOM", "头发脱落": "SYMPTOM", "脱落": "SYMPTOM", "须发脱落": "SYMPTOM", "尿血": "SYMPTOM", "腹痛胀满": "SYMPTOM", "赶前错后": "SYMPTOM", "体虚": "SYMPTOM", "腰酸胸闷": "SYMPTOM", "愤怒": "SYMPTOM", "肋痛": "SYMPTOM", "行经小腹疼痛": "SYMPTOM", "腰背酸痛": "SYMPTOM", "舌淡": "SYMPTOM", "脉沉弱": "SYMPTOM", "皮肤破伤": "SYMPTOM", "内出血": "SYMPTOM", "腿痛": "SYMPTOM", "冻疮": "SYMPTOM", "鼻衄": "SYMPTOM", "胃出血": "SYMPTOM", "内痔出血": "SYMPTOM", "睾丸肿大": "SYMPTOM", "潮热羸瘦": "SYMPTOM", "黄白带下": "SYMPTOM", "红肿": "SYMPTOM", "舌无津液": "SYMPTOM", "面色红赤": "SYMPTOM", "心中烦热": "SYMPTOM", "胁胀不眠": "SYMPTOM", "大便秘结": "SYMPTOM", "胸胁疼痛": "SYMPTOM", "伴见颜面黄褐斑": "SYMPTOM", "乳痈肿痛": "SYMPTOM", "神倦乏力": "SYMPTOM", "耳鸣自汗": "SYMPTOM", "血色紫黯": "SYMPTOM", "量少色淡": "SYMPTOM", "阳痿不育": "SYMPTOM", "男子阳衰": "SYMPTOM", "精寒无子": "SYMPTOM", "举而不坚": "SYMPTOM", "女子宫寒": "SYMPTOM", "胃胀": "SYMPTOM", "胃脘灼热感": "SYMPTOM", "少腹阴器发凉": "SYMPTOM", "精冷滑泄": "SYMPTOM", "肢冷尿频": "SYMPTOM", "功能性勃起": "SYMPTOM", "毒疮": "SYMPTOM", "恶疮": "SYMPTOM", "鼠疮瘰疠": "SYMPTOM", "腰膝疲软": "SYMPTOM", "尿次频数": "SYMPTOM", "肾虚尿频": "SYMPTOM", "体虚乏力": "SYMPTOM", "面黄肌瘦": "SYMPTOM", "色淡": "SYMPTOM", "头晕乏力": "SYMPTOM", "外阴骚痒": "SYMPTOM", "带下腥臭": "SYMPTOM", "带下质清": "SYMPTOM", "崩漏色淡": "SYMPTOM", "阳萎遗精": "SYMPTOM", "胸闷气短": "SYMPTOM", "淋漓涩痛": "SYMPTOM", "淋巴结核": "SYMPTOM", "腹部疼痛": "SYMPTOM", "胃寒": "SYMPTOM", "血小板聚集": "SYMPTOM", "细胞解聚": "SYMPTOM", "红系细胞分化": "SYMPTOM", "食积不化": "SYMPTOM", "风寒": "SYMPTOM", "腰膝软弱": "SYMPTOM", "精冷而稀": "SYMPTOM", "气虚血弱": "SYMPTOM", "乳腺结块": "SYMPTOM", "肿胀疼痛": "SYMPTOM", "健忘遗泄": "SYMPTOM", "腰酸腿痛": "SYMPTOM", "性欲淡漠": "SYMPTOM", "肾囊湿冷": "SYMPTOM", "阳痿滑泄": "SYMPTOM", "腰酸": "SYMPTOM", "筋骨痿软": "SYMPTOM", "气短乏力": "SYMPTOM", "胸闷头晕": "SYMPTOM", "周期错后": "SYMPTOM", "带下增多": "SYMPTOM", "会阴少腹腰骶部疼痛": "SYMPTOM", "胃胀痛": "SYMPTOM", "癃闭不宜使用": "SYMPTOM", "体虚胃寒": "SYMPTOM", "癃闭不宜": "SYMPTOM", "面色淡暗": "SYMPTOM", "有暗斑": "SYMPTOM", "夜梦精溢": "SYMPTOM", "气虚咳嗽": "SYMPTOM", "五更溏泻": "SYMPTOM", "心慌气短": "SYMPTOM", "全秃": "SYMPTOM", "尿淋沥": "SYMPTOM", "下腹或腰骶部坠胀或疼痛": "SYMPTOM", "血亏": "SYMPTOM", "受孕": "SYMPTOM", "不受孕": "SYMPTOM", "内有湿者": "SYMPTOM", "睾丸疼痛": "SYMPTOM", "口渴": "SYMPTOM", "纳差": "SYMPTOM", "会阴不适": "SYMPTOM", "尿后淋漓不尽": "SYMPTOM", "触痛": "SYMPTOM", "固定痛": "SYMPTOM", "胸肋胀痛": "SYMPTOM", "抑郁易怒": "SYMPTOM", "流产": "SYMPTOM", "经后少腹隐痛": "SYMPTOM", "外阴阴道灼热": "SYMPTOM", "阴道分泌物": "SYMPTOM", "肾虚脱发": "SYMPTOM", "气滞腰痛": "SYMPTOM", "痰湿凝滞": "SYMPTOM", "经漏早产": "SYMPTOM", "腰痠": "SYMPTOM", "手足麻木": "SYMPTOM", "关节痠痛": "SYMPTOM", "经水后错": "SYMPTOM", "赤白带": "SYMPTOM", "症瘕积聚": "SYMPTOM", "腰痠腿软": "SYMPTOM", "乏力": "SYMPTOM", "经后小腹隐痛": "SYMPTOM", "耳鸣遗精": "SYMPTOM", "作喘": "SYMPTOM", "久咳": "SYMPTOM", "痰饮咳喘": "SYMPTOM", "性机能衰退": "SYMPTOM", "阴囊湿疹": "SYMPTOM", "白色病变": "SYMPTOM", "排黑便": "SYMPTOM", "性出血": "SYMPTOM", "身重困倦": "SYMPTOM", "尿少": "SYMPTOM", "苔厚腻": "SYMPTOM", "身重困倦尿少": "SYMPTOM", "须发早白": "SYMPTOM", "头发稀疏": "SYMPTOM", "干枯": "SYMPTOM", "斑秃脱发": "SYMPTOM", "淋浊": "SYMPTOM", "神疲": "SYMPTOM", "腰腿痠软": "SYMPTOM", "下腹冷痛": "SYMPTOM", "量少不畅": "SYMPTOM", "眩晕耳呜": "SYMPTOM", "倦怠体瘦": "SYMPTOM", "大便不调": "SYMPTOM", "五更泄泻": "SYMPTOM", "胃脘不舒": "SYMPTOM", "时带黏液": "SYMPTOM", "淋巴结节": "SYMPTOM", "多发性脓肿": "SYMPTOM", "阴道病": "SYMPTOM", "阴痒病": "SYMPTOM", "阴道分泌物少": "SYMPTOM", "痛经不减": "SYMPTOM", "少腹急满": "SYMPTOM", "涩痛难忍": "SYMPTOM", "淋沥不爽": "SYMPTOM", "脉弦滑": "SYMPTOM", "怕光": "SYMPTOM", "流泪": "SYMPTOM", "眼屎多": "SYMPTOM", "眼白充血发红": "SYMPTOM", "气短烦倦": "SYMPTOM", "胁肋隐痛": "SYMPTOM", "大便不爽": "SYMPTOM", "头晕目涩": "SYMPTOM", "外感": "SYMPTOM", "实热内盛": "SYMPTOM", "子宫平滑肌收缩": "SYMPTOM", "带多清稀": "SYMPTOM", "头晕心慌": "SYMPTOM", "咳喘": "SYMPTOM", "肢倦神疲": "SYMPTOM", "眩晕健忘": "SYMPTOM", "不育不孕": "SYMPTOM", "小腹冷痛喜热": "SYMPTOM", "体虚神怯": "SYMPTOM", "淋漓不尽": "SYMPTOM", "淋沥涩痛": "SYMPTOM", "有瘕块": "SYMPTOM", "胎动不安者": "SYMPTOM", "妇人宿有血块": "SYMPTOM", "烦热": "SYMPTOM", "产后瘀血不清": "SYMPTOM", "神疲不振": "SYMPTOM", "夜尿频繁": "SYMPTOM", "药物热": "SYMPTOM", "肛门瘙痒": "SYMPTOM", "直立性低血压": "SYMPTOM", "低血糖": "SYMPTOM", "肺浸润": "SYMPTOM", "溶血性贫血": "SYMPTOM", "皮肤潮红": "SYMPTOM", "心动过速": "SYMPTOM", "血压升高": "SYMPTOM", "耳鸣目眩": "SYMPTOM", "肌体瘦弱": "SYMPTOM", "精血亏耗": "SYMPTOM", "牙根酸痛": "SYMPTOM", "排尿不利": "SYMPTOM", "肛门不适": "SYMPTOM", "有便意感": "SYMPTOM", "会阴痛": "SYMPTOM", "尿道不适": "SYMPTOM", "头晕头痛": "SYMPTOM", "萎靡": "SYMPTOM", "周身无力": "SYMPTOM", "步态不稳": "SYMPTOM", "晕厥": "SYMPTOM", "恶心呕吐": "SYMPTOM", "健忠失眠": "SYMPTOM", "面白心悸": "SYMPTOM", "气血滞凝": "SYMPTOM", "感冒发热": "SYMPTOM", "慢性腰腿痛": "SYMPTOM", "厌食": "SYMPTOM", "胸胁胀满疼痛": "SYMPTOM", "腹痛腰痛": "SYMPTOM", "视力": "SYMPTOM", "恶露不止": "SYMPTOM", "口燥咽干": "SYMPTOM", "产后子宫复位不全": "SYMPTOM", "烦躁易怒": "SYMPTOM", "经水淋漓": "SYMPTOM", "溃疡出血": "SYMPTOM", "胃肠道出血": "SYMPTOM", "消化道溃疡": "SYMPTOM", "心力衰竭": "SYMPTOM", "少腹胀痛": "SYMPTOM", "毒瘀蕴结胞宫": "SYMPTOM", "衰老体弱": "SYMPTOM", "潮红": "SYMPTOM", "过敏反应": "SYMPTOM", "黑便": "SYMPTOM", "紫癜": "SYMPTOM", "血压下降": "SYMPTOM", "刀口疼痛": "SYMPTOM", "外伤骨折": "SYMPTOM", "筋骨扭伤": "SYMPTOM", "牙龈肿痛": "SYMPTOM", "肛门红热": "SYMPTOM", "便意感": "SYMPTOM", "行经小腹冷痛": "SYMPTOM", "消化系统": "SYMPTOM", "吐血": "SYMPTOM", "衄血": "SYMPTOM", "咯血": "SYMPTOM", "血色鲜红": "SYMPTOM", "乳癖结块": "SYMPTOM", "乳痈初起": "SYMPTOM", "轻度消化道反应": "SYMPTOM", "产后乳少": "SYMPTOM", "全伸浮肿": "SYMPTOM", "脘腹胀满": "SYMPTOM", "纳少便溏": "SYMPTOM", "神卷尿少": "SYMPTOM", "久咳虚喘": "SYMPTOM", "不寐健忘": "SYMPTOM", "耳鸣耳聋": "SYMPTOM", "胃脘胀闷": "SYMPTOM", "头晕烦躁": "SYMPTOM", "中度癃闭": "SYMPTOM", "见排尿不畅": "SYMPTOM", "尿流变细": "SYMPTOM", "胃肠溃疡": "SYMPTOM", "崩漏带下": "SYMPTOM", "小腹隐痛喜按": "SYMPTOM", "烘热汗出": "SYMPTOM", "身体虚瘦": "SYMPTOM", "腰疼背痛": "SYMPTOM", "四肢倦怠": "SYMPTOM", "胃腕胀闷": "SYMPTOM", "行步艰难": "SYMPTOM", "胸脘胀满": "SYMPTOM", "腰膝酸冷": "SYMPTOM", "气短神疲": "SYMPTOM", "滑精": "SYMPTOM", "腰痛腿酸": "SYMPTOM", "夜尿频数": "SYMPTOM", "久治不愈": "SYMPTOM", "热疖疮疡": "SYMPTOM", "皮肤潮红加重": "SYMPTOM", "筋脉拘挛": "SYMPTOM", "闪腰贫气": "SYMPTOM", "四肢麻木": "SYMPTOM", "脉缓弱": "SYMPTOM", "弦涩": "SYMPTOM", "舌淡紫": "SYMPTOM", "恶露持续数日": "SYMPTOM", "尿道刺痛": "SYMPTOM", "尿液混浊": "SYMPTOM", "口干苦": "SYMPTOM", "肾功能不良": "SYMPTOM", "消化道不适": "SYMPTOM", "乳腺肿胀疼痛": "SYMPTOM", "腹隐痛": "SYMPTOM", "夜尿多频": "SYMPTOM", "瘰历": "SYMPTOM", "乳中结核": "SYMPTOM", "萎黄": "SYMPTOM", "带下黄稠": "SYMPTOM", "小便短少": "SYMPTOM", "脘闷": "SYMPTOM", "纳呆": "SYMPTOM", "阴部搔痒": "SYMPTOM", "口干舌燥": "SYMPTOM", "痔漏出血": "SYMPTOM", "全身乏力": "SYMPTOM", "发痒": "SYMPTOM", "齿龈出血": "SYMPTOM", "瘀血内停": "SYMPTOM", "潮热赢瘦": "SYMPTOM", "夜间遗尿": "SYMPTOM", "夜尿繁多": "SYMPTOM", "出血过多": "SYMPTOM", "淋漓不断": "SYMPTOM", "倦怠无力": "SYMPTOM", "盆腔包快": "SYMPTOM", "皮肤多油": "SYMPTOM", "盆腔包块": "SYMPTOM", "中性粒细胞异常": "SYMPTOM", "产后体弱": "SYMPTOM", "虚汗": "SYMPTOM", "低热": "SYMPTOM", "夜寐不安": "SYMPTOM", "多疑善感": "SYMPTOM", "血小板凝集": "SYMPTOM", "胃肠黏液": "SYMPTOM", "腰膝疼痛": "SYMPTOM", "带异常": "SYMPTOM", "消瘦": "SYMPTOM", "子宫痉挛": "SYMPTOM", "失禁": "SYMPTOM", "上腹疼痛": "SYMPTOM", "胃肠道": "SYMPTOM", "眩晕失眠": "SYMPTOM", "阵热汗出": "SYMPTOM", "倦怠": "SYMPTOM", "腰膝": "SYMPTOM", "酸软": "SYMPTOM", "面色苍白": "SYMPTOM", "唇甲色淡": "SYMPTOM", "痤疮": "SYMPTOM", "面部色斑": "SYMPTOM", "瘢瘕痞块": "SYMPTOM", "充血": "SYMPTOM", "渗出水肿": "SYMPTOM", "结缔组织增生": "SYMPTOM", "带下异常": "SYMPTOM", "局部刺激": "SYMPTOM", "色黄稠粘": "SYMPTOM", "其气臭秽": "SYMPTOM", "舌质红": "SYMPTOM", "脉滑数": "SYMPTOM", "局部肿痛": "SYMPTOM", "脘腹冷痛": "SYMPTOM", "积聚痞块": "SYMPTOM", "见神疲乏力": "SYMPTOM", "四肢浮肿": "SYMPTOM", "面色恍白": "SYMPTOM", "阳瘘早泄": "SYMPTOM", "遗精滑精": "SYMPTOM", "女子宫寒不孕": "SYMPTOM", "尿增多": "SYMPTOM", "虚喘": "SYMPTOM", "落屑": "SYMPTOM", "勃起困难": "SYMPTOM", "中途疲软": "SYMPTOM", "阴茎勃起功能障碍": "SYMPTOM", "阴茎": "SYMPTOM", "阴囊皮肤瘙痒": "SYMPTOM", "局部皮疹": "SYMPTOM", "热痒": "SYMPTOM", "发麻": "SYMPTOM", "痰热": "SYMPTOM", "产后乳房结块": "SYMPTOM", "红热": "SYMPTOM", "癥瘕": "SYMPTOM", "腹有癥": "SYMPTOM", "腰肌劳损": "SYMPTOM", "疲乏": "SYMPTOM", "流产后腹痛": "SYMPTOM", "经水量多": "SYMPTOM", "经过少": "SYMPTOM", "自汗多": "SYMPTOM", "夜寐易惊": "SYMPTOM", "小儿疳积": "SYMPTOM", "精神怠倦": "SYMPTOM", "瘀血肿胀": "SYMPTOM", "鼠耳肿胀": "SYMPTOM", "妇科肿块": "SYMPTOM", "脉细弦": "SYMPTOM", "尿黄": "SYMPTOM", "局部疼痛": "SYMPTOM", "蜕皮": "SYMPTOM", "腰腹坠胀": "SYMPTOM", "伴有尿频": "SYMPTOM", "葡萄胎": "SYMPTOM", "异位妊娠": "SYMPTOM", "行径量少": "SYMPTOM", "梦遗精": "SYMPTOM", "带下淋漓": "SYMPTOM", "手足寒冷": "SYMPTOM", "产后出血量多": "SYMPTOM", "精冷不孕": "SYMPTOM", "产后": "SYMPTOM", "发烧": "SYMPTOM", "乳腺肿胀": "SYMPTOM", "心神不安": "SYMPTOM", "更年期综合": "SYMPTOM", "产后发烧": "SYMPTOM", "淋沥不净": "SYMPTOM", "子宫肌瘤出血": "SYMPTOM", "单纯性紫癜": "SYMPTOM", "肾虚做喘": "SYMPTOM", "腰痛耳鸣": "SYMPTOM", "肾虚不固": "SYMPTOM", "全血细胞减少": "SYMPTOM", "体倦乏力": "SYMPTOM", "心慌": "SYMPTOM", "精血不足": "SYMPTOM", "筋骨酸痛": "SYMPTOM", "宫冷": "SYMPTOM", "酸痛": "SYMPTOM", "年期综合症": "SYMPTOM", "消化道出血": "SYMPTOM", "肾水不足": "SYMPTOM", "头晕咳嗽": "SYMPTOM", "视瞻有色": "SYMPTOM", "视物变形": "SYMPTOM", "血漏血崩": "SYMPTOM", "贫血身弱": "SYMPTOM", "心跳气短": "SYMPTOM", "体虚无力": "SYMPTOM", "肾虚白发": "SYMPTOM", "牙齿摇动": "SYMPTOM", "筋骨软弱": "SYMPTOM", "瘀血凝聚": "SYMPTOM", "眼花耳聋": "SYMPTOM", "转氨酶增高": "SYMPTOM", "骨髓损伤": "SYMPTOM", "血细胞减少": "SYMPTOM", "筋骨无力": "SYMPTOM", "眼目昏花": "SYMPTOM", "消渴尿多": "SYMPTOM", "肢冷畏寒": "SYMPTOM", "黄稠": "SYMPTOM", "崩中下血": "SYMPTOM", "咳血": "SYMPTOM", "色紫黑": "SYMPTOM", "眩晕乏力": "SYMPTOM", "呼吸道及泌尿道感染": "SYMPTOM", "腹胀腹痛": "SYMPTOM", "经前胸闷": "SYMPTOM", "经量或多或少": "SYMPTOM", "经行前后不定期": "SYMPTOM", "崩漏白带": "SYMPTOM", "少量血性分泌物": "SYMPTOM", "急": "SYMPTOM", "数": "SYMPTOM", "腰肾酸痛": "SYMPTOM", "体弱无力": "SYMPTOM", "身体衰弱": "SYMPTOM", "腰酸腿疼": "SYMPTOM", "健忘虚喘": "SYMPTOM", "跌扑损伤": "SYMPTOM", "久不孕育": "SYMPTOM", "不育": "SYMPTOM", "遗精阳瘘": "SYMPTOM", "恶露": "SYMPTOM", "心悸健忘": "SYMPTOM", "畏寒失眠": "SYMPTOM", "肺有痰热": "SYMPTOM", "外感热病": "SYMPTOM", "惊悸健忘": "SYMPTOM", "气虚食减": "SYMPTOM", "产后乳汁不下": "SYMPTOM", "色深红": "SYMPTOM", "经前": "SYMPTOM", "肢体困倦": "SYMPTOM", "怕冷": "SYMPTOM", "气短作喘": "SYMPTOM", "血亏体弱": "SYMPTOM", "眼花心悸": "SYMPTOM", "肾虚劳损": "SYMPTOM", "神情倦怠": "SYMPTOM", "血虚眩晕": "SYMPTOM", "有癥块": "SYMPTOM", "白带不止": "SYMPTOM", "白带连绵": "SYMPTOM"}